part_number,raw_photo_path,raw_width,raw_height,min_dimension,bucket,enhanced_photo_path,enhanced_generated,photo_ready_for_future_cloud,next_action
00020211,D:\BIRETOS\projects\biretos-automation\downloads\photos\00020211.jpg,149,220,149,tiny_quarantine,,False,False,re_search_required
010130.10,D:\BIRETOS\projects\biretos-automation\downloads\photos\010130.10.jpg,1280,720,720,good_quality,,False,False,manual_review
027913.10,D:\BIRETOS\projects\biretos-automation\downloads\photos\027913.10.jpg,3682,3726,3682,good_quality,,False,False,manual_review
033588.17,D:\BIRETOS\projects\biretos-automation\downloads\photos\033588.17.jpg,750,422,422,good_quality,D:\BIRETOS\projects\biretos-automation\downloads\photos_enhanced\033588.17__catalog_placeholder_v1__1fba507e.jpg,True,True,keep_enhanced
1000106,D:\BIRETOS\projects\biretos-automation\downloads\photos\1000106.jpg,344,426,344,needs_upscale,D:\BIRETOS\projects\biretos-automation\downloads\photos_enhanced\1000106__catalog_placeholder_v1__9c3a73ee.jpg,True,False,upscale_then_review
1006186,D:\BIRETOS\projects\biretos-automation\downloads\photos\1006186.jpg,1200,744,744,good_quality,D:\BIRETOS\projects\biretos-automation\downloads\photos_enhanced\1006186__catalog_placeholder_v1__c8aff4f0.jpg,True,True,keep_enhanced
1006187,D:\BIRETOS\projects\biretos-automation\downloads\photos\1006187.jpg,700,784,700,good_quality,D:\BIRETOS\projects\biretos-automation\downloads\photos_enhanced\1006187__catalog_placeholder_v1__f5bb3d50.jpg,True,True,keep_enhanced
1011893-RU,D:\BIRETOS\projects\biretos-automation\downloads\photos\1011893-RU.jpg,311,650,311,needs_upscale,,False,False,upscale_then_review
1011894-RU,D:\BIRETOS\projects\biretos-automation\downloads\photos\1011894-RU.jpg,320,450,320,needs_upscale,,False,False,upscale_then_review
1011994,D:\BIRETOS\projects\biretos-automation\downloads\photos\1011994.jpg,1000,1000,1000,good_quality,D:\BIRETOS\projects\biretos-automation\downloads\photos_enhanced\1011994__catalog_placeholder_v1__b86fa0e7.jpg,True,True,keep_enhanced
1012539,D:\BIRETOS\projects\biretos-automation\downloads\photos\1012539.jpg,2000,1936,1936,good_quality,D:\BIRETOS\projects\biretos-automation\downloads\photos_enhanced\1012539__catalog_placeholder_v1__80632546.jpg,True,True,keep_enhanced
1012541,D:\BIRETOS\projects\biretos-automation\downloads\photos\1012541.jpg,600,419,419,good_quality,D:\BIRETOS\projects\biretos-automation\downloads\photos_enhanced\1012541__catalog_placeholder_v1__637ca5ff.jpg,True,True,keep_enhanced
101411,D:\BIRETOS\projects\biretos-automation\downloads\photos\101411.jpg,566,566,566,good_quality,,False,False,manual_review
1015021,D:\BIRETOS\projects\biretos-automation\downloads\photos\1015021.jpg,588,592,588,good_quality,D:\BIRETOS\projects\biretos-automation\downloads\photos_enhanced\1015021__catalog_placeholder_v1__324da367.jpg,True,True,keep_enhanced
104011,D:\BIRETOS\projects\biretos-automation\downloads\photos\104011.jpg,1024,1024,1024,good_quality,,False,False,manual_review
1050000000,D:\BIRETOS\projects\biretos-automation\downloads\photos\1050000000.jpg,640,480,480,good_quality,,False,False,manual_review
105411,D:\BIRETOS\projects\biretos-automation\downloads\photos\105411.jpg,2084,545,545,good_quality,,False,False,manual_review
1061200000,D:\BIRETOS\projects\biretos-automation\downloads\photos\1061200000.jpg,1800,1800,1800,good_quality,D:\BIRETOS\projects\biretos-automation\downloads\photos_enhanced\1061200000__catalog_placeholder_v1__acf51c89.jpg,True,True,keep_enhanced
106511,D:\BIRETOS\projects\biretos-automation\downloads\photos\106511.jpg,500,500,500,good_quality,,False,False,manual_review
109411,D:\BIRETOS\projects\biretos-automation\downloads\photos\109411.jpg,200,316,200,needs_upscale,,False,False,upscale_then_review
121679-L3,D:\BIRETOS\projects\biretos-automation\downloads\photos\121679-L3.jpg,270,55,55,tiny_quarantine,,False,False,re_search_required
125711,D:\BIRETOS\projects\biretos-automation\downloads\photos\125711.jpg,702,159,159,tiny_quarantine,,False,False,re_search_required
127411,D:\BIRETOS\projects\biretos-automation\downloads\photos\127411.jpg,370,370,370,needs_upscale,,False,False,upscale_then_review
129464N_U,D:\BIRETOS\projects\biretos-automation\downloads\photos\129464N_U.jpg,1032,806,806,good_quality,D:\BIRETOS\projects\biretos-automation\downloads\photos_enhanced\129464N_U__catalog_placeholder_v1__bfe962be.jpg,True,True,keep_enhanced
129625-L3,D:\BIRETOS\projects\biretos-automation\downloads\photos\129625-L3.jpg,1000,1000,1000,good_quality,D:\BIRETOS\projects\biretos-automation\downloads\photos_enhanced\129625-L3__catalog_placeholder_v1__8f0394a3.jpg,True,True,keep_enhanced
13960,D:\BIRETOS\projects\biretos-automation\downloads\photos\13960.jpg,300,300,300,needs_upscale,D:\BIRETOS\projects\biretos-automation\downloads\photos_enhanced\13960__catalog_placeholder_v1__4f1fbc0d.jpg,True,False,upscale_then_review
153711,D:\BIRETOS\projects\biretos-automation\downloads\photos\153711.jpg,450,450,450,good_quality,D:\BIRETOS\projects\biretos-automation\downloads\photos_enhanced\153711__catalog_placeholder_v1__3263ab4b.jpg,True,True,keep_enhanced
155111,D:\BIRETOS\projects\biretos-automation\downloads\photos\155111.jpg,1024,1024,1024,good_quality,D:\BIRETOS\projects\biretos-automation\downloads\photos_enhanced\155111__catalog_placeholder_v1__236b977b.jpg,True,True,keep_enhanced
157413,D:\BIRETOS\projects\biretos-automation\downloads\photos\157413.jpg,450,450,450,good_quality,D:\BIRETOS\projects\biretos-automation\downloads\photos_enhanced\157413__catalog_placeholder_v1__15b90355.jpg,True,True,keep_enhanced
158811,D:\BIRETOS\projects\biretos-automation\downloads\photos\158811.jpg,650,650,650,good_quality,D:\BIRETOS\projects\biretos-automation\downloads\photos_enhanced\158811__catalog_placeholder_v1__2ab65bfd.jpg,True,True,keep_enhanced
162211,D:\BIRETOS\projects\biretos-automation\downloads\photos\162211.jpg,650,650,650,good_quality,D:\BIRETOS\projects\biretos-automation\downloads\photos_enhanced\162211__catalog_placeholder_v1__fd1b4d88.jpg,True,True,keep_enhanced
1631930000,D:\BIRETOS\projects\biretos-automation\downloads\photos\1631930000.jpg,500,400,400,good_quality,D:\BIRETOS\projects\biretos-automation\downloads\photos_enhanced\1631930000__catalog_placeholder_v1__beb70458.jpg,True,True,keep_enhanced
171111,D:\BIRETOS\projects\biretos-automation\downloads\photos\171111.jpg,650,650,650,good_quality,D:\BIRETOS\projects\biretos-automation\downloads\photos_enhanced\171111__catalog_placeholder_v1__1da5dc0b.jpg,True,True,keep_enhanced
171411,D:\BIRETOS\projects\biretos-automation\downloads\photos\171411.jpg,450,450,450,good_quality,D:\BIRETOS\projects\biretos-automation\downloads\photos_enhanced\171411__catalog_placeholder_v1__b1561d05.jpg,True,True,keep_enhanced
174111,D:\BIRETOS\projects\biretos-automation\downloads\photos\174111.jpg,650,650,650,good_quality,D:\BIRETOS\projects\biretos-automation\downloads\photos_enhanced\174111__catalog_placeholder_v1__748f6411.jpg,True,True,keep_enhanced
174411,D:\BIRETOS\projects\biretos-automation\downloads\photos\174411.jpg,650,650,650,good_quality,D:\BIRETOS\projects\biretos-automation\downloads\photos_enhanced\174411__catalog_placeholder_v1__0d1e32c6.jpg,True,True,keep_enhanced
174813,D:\BIRETOS\projects\biretos-automation\downloads\photos\174813.jpg,450,450,450,good_quality,D:\BIRETOS\projects\biretos-automation\downloads\photos_enhanced\174813__catalog_placeholder_v1__e88cc048.jpg,True,True,keep_enhanced
179433,D:\BIRETOS\projects\biretos-automation\downloads\photos\179433.jpg,500,500,500,good_quality,D:\BIRETOS\projects\biretos-automation\downloads\photos_enhanced\179433__catalog_placeholder_v1__b87f2296.jpg,True,True,keep_enhanced
179951,D:\BIRETOS\projects\biretos-automation\downloads\photos\179951.jpg,500,500,500,good_quality,D:\BIRETOS\projects\biretos-automation\downloads\photos_enhanced\179951__catalog_placeholder_v1__bc31d2f5.jpg,True,True,keep_enhanced
183791,D:\BIRETOS\projects\biretos-automation\downloads\photos\183791.jpg,450,450,450,good_quality,D:\BIRETOS\projects\biretos-automation\downloads\photos_enhanced\183791__catalog_placeholder_v1__a483b4bd.jpg,True,True,keep_enhanced
184791,D:\BIRETOS\projects\biretos-automation\downloads\photos\184791.jpg,650,650,650,good_quality,D:\BIRETOS\projects\biretos-automation\downloads\photos_enhanced\184791__catalog_placeholder_v1__22b13c47.jpg,True,True,keep_enhanced
185091,D:\BIRETOS\projects\biretos-automation\downloads\photos\185091.jpg,650,650,650,good_quality,D:\BIRETOS\projects\biretos-automation\downloads\photos_enhanced\185091__catalog_placeholder_v1__1af66c97.jpg,True,True,keep_enhanced
185191,D:\BIRETOS\projects\biretos-automation\downloads\photos\185191.jpg,650,650,650,good_quality,D:\BIRETOS\projects\biretos-automation\downloads\photos_enhanced\185191__catalog_placeholder_v1__8db934c2.jpg,True,True,keep_enhanced
185491,D:\BIRETOS\projects\biretos-automation\downloads\photos\185491.jpg,700,700,700,good_quality,D:\BIRETOS\projects\biretos-automation\downloads\photos_enhanced\185491__catalog_placeholder_v1__b5de7d8b.jpg,True,True,keep_enhanced
185891,D:\BIRETOS\projects\biretos-automation\downloads\photos\185891.jpg,500,500,500,good_quality,D:\BIRETOS\projects\biretos-automation\downloads\photos_enhanced\185891__catalog_placeholder_v1__325bd2f6.jpg,True,True,keep_enhanced
187091,D:\BIRETOS\projects\biretos-automation\downloads\photos\187091.jpg,650,650,650,good_quality,D:\BIRETOS\projects\biretos-automation\downloads\photos_enhanced\187091__catalog_placeholder_v1__b4613595.jpg,True,True,keep_enhanced
187591,D:\BIRETOS\projects\biretos-automation\downloads\photos\187591.jpg,650,650,650,good_quality,D:\BIRETOS\projects\biretos-automation\downloads\photos_enhanced\187591__catalog_placeholder_v1__99657287.jpg,True,True,keep_enhanced
188091,D:\BIRETOS\projects\biretos-automation\downloads\photos\188091.jpg,650,650,650,good_quality,D:\BIRETOS\projects\biretos-automation\downloads\photos_enhanced\188091__catalog_placeholder_v1__73e6aa84.jpg,True,True,keep_enhanced
189091,D:\BIRETOS\projects\biretos-automation\downloads\photos\189091.jpg,650,650,650,good_quality,D:\BIRETOS\projects\biretos-automation\downloads\photos_enhanced\189091__catalog_placeholder_v1__333c8912.jpg,True,True,keep_enhanced
189291,D:\BIRETOS\projects\biretos-automation\downloads\photos\189291.jpg,650,650,650,good_quality,D:\BIRETOS\projects\biretos-automation\downloads\photos_enhanced\189291__catalog_placeholder_v1__406a4b7c.jpg,True,True,keep_enhanced
189791,D:\BIRETOS\projects\biretos-automation\downloads\photos\189791.jpg,600,600,600,good_quality,D:\BIRETOS\projects\biretos-automation\downloads\photos_enhanced\189791__catalog_placeholder_v1__2567fe10.jpg,True,True,keep_enhanced
190191,D:\BIRETOS\projects\biretos-automation\downloads\photos\190191.jpg,650,650,650,good_quality,D:\BIRETOS\projects\biretos-automation\downloads\photos_enhanced\190191__catalog_placeholder_v1__9ae0b32c.jpg,True,True,keep_enhanced
190511,D:\BIRETOS\projects\biretos-automation\downloads\photos\190511.jpg,450,450,450,good_quality,D:\BIRETOS\projects\biretos-automation\downloads\photos_enhanced\190511__catalog_placeholder_v1__01293cf0.jpg,True,True,keep_enhanced
190891,D:\BIRETOS\projects\biretos-automation\downloads\photos\190891.jpg,1024,1024,1024,good_quality,D:\BIRETOS\projects\biretos-automation\downloads\photos_enhanced\190891__catalog_placeholder_v1__71c53709.jpg,True,True,keep_enhanced
190991,D:\BIRETOS\projects\biretos-automation\downloads\photos\190991.jpg,650,650,650,good_quality,D:\BIRETOS\projects\biretos-automation\downloads\photos_enhanced\190991__catalog_placeholder_v1__926a6cb3.jpg,True,True,keep_enhanced
191091,D:\BIRETOS\projects\biretos-automation\downloads\photos\191091.jpg,650,650,650,good_quality,D:\BIRETOS\projects\biretos-automation\downloads\photos_enhanced\191091__catalog_placeholder_v1__f816415e.jpg,True,True,keep_enhanced
191191,D:\BIRETOS\projects\biretos-automation\downloads\photos\191191.jpg,450,450,450,good_quality,D:\BIRETOS\projects\biretos-automation\downloads\photos_enhanced\191191__catalog_placeholder_v1__53defebe.jpg,True,True,keep_enhanced
191591,D:\BIRETOS\projects\biretos-automation\downloads\photos\191591.jpg,500,500,500,good_quality,D:\BIRETOS\projects\biretos-automation\downloads\photos_enhanced\191591__catalog_placeholder_v1__325bd2f6.jpg,True,True,keep_enhanced
191791,D:\BIRETOS\projects\biretos-automation\downloads\photos\191791.jpg,650,650,650,good_quality,D:\BIRETOS\projects\biretos-automation\downloads\photos_enhanced\191791__catalog_placeholder_v1__729d85e1.jpg,True,True,keep_enhanced
193111,D:\BIRETOS\projects\biretos-automation\downloads\photos\193111.jpg,400,400,400,good_quality,D:\BIRETOS\projects\biretos-automation\downloads\photos_enhanced\193111__catalog_placeholder_v1__02ad6cf3.jpg,True,True,keep_enhanced
203-183-420,D:\BIRETOS\projects\biretos-automation\downloads\photos\203-183-420.jpg,600,600,600,good_quality,D:\BIRETOS\projects\biretos-automation\downloads\photos_enhanced\203-183-420__catalog_placeholder_v1__3da2a904.jpg,True,True,keep_enhanced
20511,D:\BIRETOS\projects\biretos-automation\downloads\photos\20511.jpg,1024,1024,1024,good_quality,D:\BIRETOS\projects\biretos-automation\downloads\photos_enhanced\20511__catalog_placeholder_v1__de32dbab.jpg,True,True,keep_enhanced
210213,D:\BIRETOS\projects\biretos-automation\downloads\photos\210213.jpg,800,800,800,good_quality,D:\BIRETOS\projects\biretos-automation\downloads\photos_enhanced\210213__catalog_placeholder_v1__58f5dea5.jpg,True,True,keep_enhanced
2208WFPT,D:\BIRETOS\projects\biretos-automation\downloads\photos\2208WFPT.jpg,400,400,400,good_quality,D:\BIRETOS\projects\biretos-automation\downloads\photos_enhanced\2208WFPT__catalog_placeholder_v1__3401537a.jpg,True,True,keep_enhanced
22811,D:\BIRETOS\projects\biretos-automation\downloads\photos\22811.jpg,550,550,550,good_quality,D:\BIRETOS\projects\biretos-automation\downloads\photos_enhanced\22811__catalog_placeholder_v1__3d3a9416.jpg,True,True,keep_enhanced
23511,D:\BIRETOS\projects\biretos-automation\downloads\photos\23511.jpg,1000,1000,1000,good_quality,D:\BIRETOS\projects\biretos-automation\downloads\photos_enhanced\23511__catalog_placeholder_v1__bc3df16c.jpg,True,True,keep_enhanced
239053,D:\BIRETOS\projects\biretos-automation\downloads\photos\239053.jpg,500,500,500,good_quality,D:\BIRETOS\projects\biretos-automation\downloads\photos_enhanced\239053__catalog_placeholder_v1__e9e433f5.jpg,True,True,keep_enhanced
240W,D:\BIRETOS\projects\biretos-automation\downloads\photos\240W.jpg,600,600,600,good_quality,D:\BIRETOS\projects\biretos-automation\downloads\photos_enhanced\240W__catalog_placeholder_v1__768417a0.jpg,True,True,keep_enhanced
272369098,D:\BIRETOS\projects\biretos-automation\downloads\photos\272369098.jpg,314,320,314,needs_upscale,D:\BIRETOS\projects\biretos-automation\downloads\photos_enhanced\272369098__catalog_placeholder_v1__486e0ffd.jpg,True,False,upscale_then_review
27711,D:\BIRETOS\projects\biretos-automation\downloads\photos\27711.jpg,600,600,600,good_quality,D:\BIRETOS\projects\biretos-automation\downloads\photos_enhanced\27711__catalog_placeholder_v1__72de683f.jpg,True,True,keep_enhanced
280869341,D:\BIRETOS\projects\biretos-automation\downloads\photos\280869341.jpg,1001,501,501,good_quality,D:\BIRETOS\projects\biretos-automation\downloads\photos_enhanced\280869341__catalog_placeholder_v1__d3a88eac.jpg,True,True,keep_enhanced
280870645,D:\BIRETOS\projects\biretos-automation\downloads\photos\280870645.jpg,1280,720,720,good_quality,D:\BIRETOS\projects\biretos-automation\downloads\photos_enhanced\280870645__catalog_placeholder_v1__e210b4db.jpg,True,True,keep_enhanced
29011,D:\BIRETOS\projects\biretos-automation\downloads\photos\29011.jpg,600,600,600,good_quality,D:\BIRETOS\projects\biretos-automation\downloads\photos_enhanced\29011__catalog_placeholder_v1__72de683f.jpg,True,True,keep_enhanced
2904617,D:\BIRETOS\projects\biretos-automation\downloads\photos\2904617.jpg,300,300,300,needs_upscale,D:\BIRETOS\projects\biretos-automation\downloads\photos_enhanced\2904617__catalog_placeholder_v1__49e397cd.jpg,True,False,upscale_then_review
29313,D:\BIRETOS\projects\biretos-automation\downloads\photos\29313.jpg,1417,1289,1289,good_quality,D:\BIRETOS\projects\biretos-automation\downloads\photos_enhanced\29313__catalog_placeholder_v1__3555a2c0.jpg,True,True,keep_enhanced
2CDG110146R0011,D:\BIRETOS\projects\biretos-automation\downloads\photos\2CDG110146R0011.jpg,1280,720,720,good_quality,D:\BIRETOS\projects\biretos-automation\downloads\photos_enhanced\2CDG110146R0011__catalog_placeholder_v1__b0a03874.jpg,True,True,keep_enhanced
2CDG110177R0011,D:\BIRETOS\projects\biretos-automation\downloads\photos\2CDG110177R0011.jpg,800,800,800,good_quality,D:\BIRETOS\projects\biretos-automation\downloads\photos_enhanced\2CDG110177R0011__catalog_placeholder_v1__78a02132.jpg,True,True,keep_enhanced
2SM-3.0-SCU-SCU-1,D:\BIRETOS\projects\biretos-automation\downloads\photos\2SM-3.0-SCU-SCU-1.jpg,368,486,368,needs_upscale,D:\BIRETOS\projects\biretos-automation\downloads\photos_enhanced\2SM-3.0-SCU-SCU-1__catalog_placeholder_v1__64b61258.jpg,True,False,upscale_then_review
2SM-3.0-SCU-SCU-15,D:\BIRETOS\projects\biretos-automation\downloads\photos\2SM-3.0-SCU-SCU-15.jpg,435,272,272,needs_upscale,D:\BIRETOS\projects\biretos-automation\downloads\photos_enhanced\2SM-3.0-SCU-SCU-15__catalog_placeholder_v1__4379f6e0.jpg,True,False,upscale_then_review
304L,D:\BIRETOS\projects\biretos-automation\downloads\photos\304L.jpg,800,800,800,good_quality,D:\BIRETOS\projects\biretos-automation\downloads\photos_enhanced\304L__catalog_placeholder_v1__a99362e7.jpg,True,True,keep_enhanced
309811,D:\BIRETOS\projects\biretos-automation\downloads\photos\309811.jpg,450,450,450,good_quality,D:\BIRETOS\projects\biretos-automation\downloads\photos_enhanced\309811__catalog_placeholder_v1__d51f98eb.jpg,True,True,keep_enhanced
311513,D:\BIRETOS\projects\biretos-automation\downloads\photos\311513.jpg,650,650,650,good_quality,D:\BIRETOS\projects\biretos-automation\downloads\photos_enhanced\311513__catalog_placeholder_v1__819203f9.jpg,True,True,keep_enhanced
3240190,D:\BIRETOS\projects\biretos-automation\downloads\photos\3240190.jpg,300,196,196,tiny_quarantine,D:\BIRETOS\projects\biretos-automation\downloads\photos_enhanced\3240190__catalog_placeholder_v1__2d70db69.jpg,True,False,re_search_required
3240197,D:\BIRETOS\projects\biretos-automation\downloads\photos\3240197.jpg,300,300,300,needs_upscale,D:\BIRETOS\projects\biretos-automation\downloads\photos_enhanced\3240197__catalog_placeholder_v1__36ba038b.jpg,True,False,upscale_then_review
3240197-RU,D:\BIRETOS\projects\biretos-automation\downloads\photos\3240197-RU.jpg,408,408,408,good_quality,D:\BIRETOS\projects\biretos-automation\downloads\photos_enhanced\3240197-RU__catalog_placeholder_v1__6f316e78.jpg,True,True,keep_enhanced
3240199,D:\BIRETOS\projects\biretos-automation\downloads\photos\3240199.jpg,300,300,300,needs_upscale,D:\BIRETOS\projects\biretos-automation\downloads\photos_enhanced\3240199__catalog_placeholder_v1__01496567.jpg,True,False,upscale_then_review
3240248,D:\BIRETOS\projects\biretos-automation\downloads\photos\3240248.jpg,199,269,199,tiny_quarantine,D:\BIRETOS\projects\biretos-automation\downloads\photos_enhanced\3240248__catalog_placeholder_v1__a4ecd655.jpg,True,False,re_search_required
3240348,D:\BIRETOS\projects\biretos-automation\downloads\photos\3240348.jpg,640,640,640,good_quality,D:\BIRETOS\projects\biretos-automation\downloads\photos_enhanced\3240348__catalog_placeholder_v1__ccadc1ad.jpg,True,True,keep_enhanced
3240357,D:\BIRETOS\projects\biretos-automation\downloads\photos\3240357.jpg,640,640,640,good_quality,D:\BIRETOS\projects\biretos-automation\downloads\photos_enhanced\3240357__catalog_placeholder_v1__66cd63b1.jpg,True,True,keep_enhanced
3240605,D:\BIRETOS\projects\biretos-automation\downloads\photos\3240605.jpg,175,263,175,tiny_quarantine,D:\BIRETOS\projects\biretos-automation\downloads\photos_enhanced\3240605__catalog_placeholder_v1__02ab7ab9.jpg,True,False,re_search_required
336011,D:\BIRETOS\projects\biretos-automation\downloads\photos\336011.jpg,500,500,500,good_quality,D:\BIRETOS\projects\biretos-automation\downloads\photos_enhanced\336011__catalog_placeholder_v1__95d4b363.jpg,True,True,keep_enhanced
35111,D:\BIRETOS\projects\biretos-automation\downloads\photos\35111.jpg,400,400,400,good_quality,D:\BIRETOS\projects\biretos-automation\downloads\photos_enhanced\35111__catalog_placeholder_v1__39fe20b7.jpg,True,True,keep_enhanced
35211,D:\BIRETOS\projects\biretos-automation\downloads\photos\35211.jpg,702,141,141,tiny_quarantine,D:\BIRETOS\projects\biretos-automation\downloads\photos_enhanced\35211__catalog_placeholder_v1__626b7bfe.jpg,True,False,re_search_required
36022-RU,D:\BIRETOS\projects\biretos-automation\downloads\photos\36022-RU.jpg,1200,630,630,good_quality,D:\BIRETOS\projects\biretos-automation\downloads\photos_enhanced\36022-RU__catalog_placeholder_v1__57fa615c.jpg,True,True,keep_enhanced
36024-RU,D:\BIRETOS\projects\biretos-automation\downloads\photos\36024-RU.jpg,640,360,360,needs_upscale,D:\BIRETOS\projects\biretos-automation\downloads\photos_enhanced\36024-RU__catalog_placeholder_v1__2c6e69b4.jpg,True,False,upscale_then_review
36026-RU,D:\BIRETOS\projects\biretos-automation\downloads\photos\36026-RU.jpg,480,360,360,needs_upscale,D:\BIRETOS\projects\biretos-automation\downloads\photos_enhanced\36026-RU__catalog_placeholder_v1__60a472cc.jpg,True,False,upscale_then_review
36142-RU,D:\BIRETOS\projects\biretos-automation\downloads\photos\36142-RU.jpg,180,180,180,tiny_quarantine,D:\BIRETOS\projects\biretos-automation\downloads\photos_enhanced\36142-RU__catalog_placeholder_v1__d3c98f9f.jpg,True,False,re_search_required
36144-RU,D:\BIRETOS\projects\biretos-automation\downloads\photos\36144-RU.jpg,500,500,500,good_quality,D:\BIRETOS\projects\biretos-automation\downloads\photos_enhanced\36144-RU__catalog_placeholder_v1__22882105.jpg,True,True,keep_enhanced
36146-RU,D:\BIRETOS\projects\biretos-automation\downloads\photos\36146-RU.jpg,1200,1200,1200,good_quality,D:\BIRETOS\projects\biretos-automation\downloads\photos_enhanced\36146-RU__catalog_placeholder_v1__765f0175.jpg,True,True,keep_enhanced
36204-RU,D:\BIRETOS\projects\biretos-automation\downloads\photos\36204-RU.jpg,1200,1549,1200,good_quality,D:\BIRETOS\projects\biretos-automation\downloads\photos_enhanced\36204-RU__catalog_placeholder_v1__554f56a4.jpg,True,True,keep_enhanced
36206-RU,D:\BIRETOS\projects\biretos-automation\downloads\photos\36206-RU.jpg,488,511,488,good_quality,D:\BIRETOS\projects\biretos-automation\downloads\photos_enhanced\36206-RU__catalog_placeholder_v1__a64b81c9.jpg,True,True,keep_enhanced
36299-RU,D:\BIRETOS\projects\biretos-automation\downloads\photos\36299-RU.jpg,550,550,550,good_quality,D:\BIRETOS\projects\biretos-automation\downloads\photos_enhanced\36299-RU__catalog_placeholder_v1__1ad59ba5.jpg,True,True,keep_enhanced
369111,D:\BIRETOS\projects\biretos-automation\downloads\photos\369111.jpg,450,450,450,good_quality,D:\BIRETOS\projects\biretos-automation\downloads\photos_enhanced\369111__catalog_placeholder_v1__83775b2c.jpg,True,True,keep_enhanced
369211,D:\BIRETOS\projects\biretos-automation\downloads\photos\369211.jpg,700,700,700,good_quality,D:\BIRETOS\projects\biretos-automation\downloads\photos_enhanced\369211__catalog_placeholder_v1__5e1a26aa.jpg,True,True,keep_enhanced
37011,D:\BIRETOS\projects\biretos-automation\downloads\photos\37011.jpg,1000,1000,1000,good_quality,D:\BIRETOS\projects\biretos-automation\downloads\photos_enhanced\37011__catalog_placeholder_v1__e0543a20.jpg,True,True,keep_enhanced
38511,D:\BIRETOS\projects\biretos-automation\downloads\photos\38511.jpg,305,305,305,needs_upscale,D:\BIRETOS\projects\biretos-automation\downloads\photos_enhanced\38511__catalog_placeholder_v1__ff6babc6.jpg,True,False,upscale_then_review
39611,D:\BIRETOS\projects\biretos-automation\downloads\photos\39611.jpg,400,400,400,good_quality,D:\BIRETOS\projects\biretos-automation\downloads\photos_enhanced\39611__catalog_placeholder_v1__7506c48d.jpg,True,True,keep_enhanced
400-ATII,D:\BIRETOS\projects\biretos-automation\downloads\photos\400-ATII.jpg,430,398,398,needs_upscale,D:\BIRETOS\projects\biretos-automation\downloads\photos_enhanced\400-ATII__catalog_placeholder_v1__5d698649.jpg,True,False,upscale_then_review
42511,D:\BIRETOS\projects\biretos-automation\downloads\photos\42511.jpg,640,640,640,good_quality,D:\BIRETOS\projects\biretos-automation\downloads\photos_enhanced\42511__catalog_placeholder_v1__0071d78a.jpg,True,True,keep_enhanced
50017460-001_U,D:\BIRETOS\projects\biretos-automation\downloads\photos\50017460-001_U.jpg,414,414,414,good_quality,D:\BIRETOS\projects\biretos-automation\downloads\photos_enhanced\50017460-001_U__catalog_placeholder_v1__7ee82288.jpg,True,True,keep_enhanced
52811,D:\BIRETOS\projects\biretos-automation\downloads\photos\52811.jpg,1000,1000,1000,good_quality,D:\BIRETOS\projects\biretos-automation\downloads\photos_enhanced\52811__catalog_placeholder_v1__843c605c.jpg,True,True,keep_enhanced
54611,D:\BIRETOS\projects\biretos-automation\downloads\photos\54611.jpg,400,400,400,good_quality,D:\BIRETOS\projects\biretos-automation\downloads\photos_enhanced\54611__catalog_placeholder_v1__6f935fe6.jpg,True,True,keep_enhanced
57511,D:\BIRETOS\projects\biretos-automation\downloads\photos\57511.jpg,200,145,145,tiny_quarantine,D:\BIRETOS\projects\biretos-automation\downloads\photos_enhanced\57511__catalog_placeholder_v1__4130c8e9.jpg,True,False,re_search_required
580249.11,D:\BIRETOS\projects\biretos-automation\downloads\photos\580249.11.jpg,500,500,500,good_quality,D:\BIRETOS\projects\biretos-automation\downloads\photos_enhanced\580249.11__catalog_placeholder_v1__558c493c.jpg,True,True,keep_enhanced
581263,D:\BIRETOS\projects\biretos-automation\downloads\photos\581263.jpg,1024,576,576,good_quality,D:\BIRETOS\projects\biretos-automation\downloads\photos_enhanced\581263__catalog_placeholder_v1__7f855930.jpg,True,True,keep_enhanced
581270,D:\BIRETOS\projects\biretos-automation\downloads\photos\581270.jpg,800,800,800,good_quality,D:\BIRETOS\projects\biretos-automation\downloads\photos_enhanced\581270__catalog_placeholder_v1__b5e7c336.jpg,True,True,keep_enhanced
581276,D:\BIRETOS\projects\biretos-automation\downloads\photos\581276.jpg,300,200,200,needs_upscale,D:\BIRETOS\projects\biretos-automation\downloads\photos_enhanced\581276__catalog_placeholder_v1__dce0fb08.jpg,True,False,upscale_then_review
583491A,D:\BIRETOS\projects\biretos-automation\downloads\photos\583491A.jpg,1280,1024,1024,good_quality,D:\BIRETOS\projects\biretos-automation\downloads\photos_enhanced\583491A__catalog_placeholder_v1__b8cfcdba.jpg,True,True,keep_enhanced
583520,D:\BIRETOS\projects\biretos-automation\downloads\photos\583520.jpg,600,373,373,needs_upscale,D:\BIRETOS\projects\biretos-automation\downloads\photos_enhanced\583520__catalog_placeholder_v1__96b8b0cf.jpg,True,False,upscale_then_review
600GB-SAS2.5,D:\BIRETOS\projects\biretos-automation\downloads\photos\600GB-SAS2.5.jpg,1134,1110,1110,good_quality,D:\BIRETOS\projects\biretos-automation\downloads\photos_enhanced\600GB-SAS2.5__catalog_placeholder_v1__5c028c50.jpg,True,True,keep_enhanced
600GB-SAS3.5,D:\BIRETOS\projects\biretos-automation\downloads\photos\600GB-SAS3.5.jpg,1500,1500,1500,good_quality,D:\BIRETOS\projects\biretos-automation\downloads\photos_enhanced\600GB-SAS3.5__catalog_placeholder_v1__c43ce7de.jpg,True,True,keep_enhanced
603111,D:\BIRETOS\projects\biretos-automation\downloads\photos\603111.jpg,500,500,500,good_quality,D:\BIRETOS\projects\biretos-automation\downloads\photos_enhanced\603111__catalog_placeholder_v1__0b5e516b.jpg,True,True,keep_enhanced
604411,D:\BIRETOS\projects\biretos-automation\downloads\photos\604411.jpg,400,400,400,good_quality,D:\BIRETOS\projects\biretos-automation\downloads\photos_enhanced\604411__catalog_placeholder_v1__4d059b8c.jpg,True,True,keep_enhanced
6500-LRK,D:\BIRETOS\projects\biretos-automation\downloads\photos\6500-LRK.jpg,1024,1024,1024,good_quality,D:\BIRETOS\projects\biretos-automation\downloads\photos_enhanced\6500-LRK__catalog_placeholder_v1__4132d20b.jpg,True,True,keep_enhanced
65UL3J,D:\BIRETOS\projects\biretos-automation\downloads\photos\65UL3J.jpg,300,300,300,needs_upscale,D:\BIRETOS\projects\biretos-automation\downloads\photos_enhanced\65UL3J__catalog_placeholder_v1__1d3586f9.jpg,True,False,upscale_then_review
704960,D:\BIRETOS\projects\biretos-automation\downloads\photos\704960.jpg,299,243,243,needs_upscale,D:\BIRETOS\projects\biretos-automation\downloads\photos_enhanced\704960__catalog_placeholder_v1__80e877d4.jpg,True,False,upscale_then_review
7508001857,D:\BIRETOS\projects\biretos-automation\downloads\photos\7508001857.jpg,1024,1024,1024,good_quality,D:\BIRETOS\projects\biretos-automation\downloads\photos_enhanced\7508001857__catalog_placeholder_v1__dd01f853.jpg,True,True,keep_enhanced
7508001858,D:\BIRETOS\projects\biretos-automation\downloads\photos\7508001858.jpg,200,200,200,needs_upscale,D:\BIRETOS\projects\biretos-automation\downloads\photos_enhanced\7508001858__catalog_placeholder_v1__33a5de93.jpg,True,False,upscale_then_review
7508002114,D:\BIRETOS\projects\biretos-automation\downloads\photos\7508002114.jpg,208,208,208,needs_upscale,D:\BIRETOS\projects\biretos-automation\downloads\photos_enhanced\7508002114__catalog_placeholder_v1__610e7c97.jpg,True,False,upscale_then_review
773111,D:\BIRETOS\projects\biretos-automation\downloads\photos\773111.jpg,650,650,650,good_quality,D:\BIRETOS\projects\biretos-automation\downloads\photos_enhanced\773111__catalog_placeholder_v1__279ab1c4.jpg,True,True,keep_enhanced
773211,D:\BIRETOS\projects\biretos-automation\downloads\photos\773211.jpg,200,150,150,tiny_quarantine,D:\BIRETOS\projects\biretos-automation\downloads\photos_enhanced\773211__catalog_placeholder_v1__583afd1b.jpg,True,False,re_search_required
775511,D:\BIRETOS\projects\biretos-automation\downloads\photos\775511.jpg,566,566,566,good_quality,D:\BIRETOS\projects\biretos-automation\downloads\photos_enhanced\775511__catalog_placeholder_v1__27a75e3f.jpg,True,True,keep_enhanced
775611,D:\BIRETOS\projects\biretos-automation\downloads\photos\775611.jpg,650,650,650,good_quality,D:\BIRETOS\projects\biretos-automation\downloads\photos_enhanced\775611__catalog_placeholder_v1__3bfb363f.jpg,True,True,keep_enhanced
777911,D:\BIRETOS\projects\biretos-automation\downloads\photos\777911.jpg,650,650,650,good_quality,D:\BIRETOS\projects\biretos-automation\downloads\photos_enhanced\777911__catalog_placeholder_v1__37181351.jpg,True,True,keep_enhanced
778311,D:\BIRETOS\projects\biretos-automation\downloads\photos\778311.jpg,450,450,450,good_quality,D:\BIRETOS\projects\biretos-automation\downloads\photos_enhanced\778311__catalog_placeholder_v1__bf004f8e.jpg,True,True,keep_enhanced
786711,D:\BIRETOS\projects\biretos-automation\downloads\photos\786711.jpg,450,450,450,good_quality,D:\BIRETOS\projects\biretos-automation\downloads\photos_enhanced\786711__catalog_placeholder_v1__34a029b8.jpg,True,True,keep_enhanced
787411,D:\BIRETOS\projects\biretos-automation\downloads\photos\787411.jpg,500,500,500,good_quality,D:\BIRETOS\projects\biretos-automation\downloads\photos_enhanced\787411__catalog_placeholder_v1__4d589297.jpg,True,True,keep_enhanced
787511,D:\BIRETOS\projects\biretos-automation\downloads\photos\787511.jpg,700,700,700,good_quality,D:\BIRETOS\projects\biretos-automation\downloads\photos_enhanced\787511__catalog_placeholder_v1__a7181fda.jpg,True,True,keep_enhanced
788013.40.RU,D:\BIRETOS\projects\biretos-automation\downloads\photos\788013.40.RU.jpg,251,325,251,needs_upscale,D:\BIRETOS\projects\biretos-automation\downloads\photos_enhanced\788013.40.RU__catalog_placeholder_v1__f6689a3c.jpg,True,False,upscale_then_review
788311,D:\BIRETOS\projects\biretos-automation\downloads\photos\788311.jpg,566,566,566,good_quality,D:\BIRETOS\projects\biretos-automation\downloads\photos_enhanced\788311__catalog_placeholder_v1__a6c55283.jpg,True,True,keep_enhanced
788600,D:\BIRETOS\projects\biretos-automation\downloads\photos\788600.jpg,1000,785,785,good_quality,D:\BIRETOS\projects\biretos-automation\downloads\photos_enhanced\788600__catalog_placeholder_v1__fbecd0bd.jpg,True,True,keep_enhanced
7910180000,D:\BIRETOS\projects\biretos-automation\downloads\photos\7910180000.jpg,500,400,400,good_quality,D:\BIRETOS\projects\biretos-automation\downloads\photos_enhanced\7910180000__catalog_placeholder_v1__9e514fb1.jpg,True,True,keep_enhanced
797211,D:\BIRETOS\projects\biretos-automation\downloads\photos\797211.jpg,792,800,792,good_quality,D:\BIRETOS\projects\biretos-automation\downloads\photos_enhanced\797211__catalog_placeholder_v1__4347a17c.jpg,True,True,keep_enhanced
802371,D:\BIRETOS\projects\biretos-automation\downloads\photos\802371.jpg,1000,886,886,good_quality,D:\BIRETOS\projects\biretos-automation\downloads\photos_enhanced\802371__catalog_placeholder_v1__603e0fa9.jpg,True,True,keep_enhanced
802374,D:\BIRETOS\projects\biretos-automation\downloads\photos\802374.jpg,1000,856,856,good_quality,D:\BIRETOS\projects\biretos-automation\downloads\photos_enhanced\802374__catalog_placeholder_v1__5d77b0f8.jpg,True,True,keep_enhanced
804791,D:\BIRETOS\projects\biretos-automation\downloads\photos\804791.jpg,299,264,264,needs_upscale,D:\BIRETOS\projects\biretos-automation\downloads\photos_enhanced\804791__catalog_placeholder_v1__c0ccb97c.jpg,True,False,upscale_then_review
804905,D:\BIRETOS\projects\biretos-automation\downloads\photos\804905.jpg,299,291,291,needs_upscale,D:\BIRETOS\projects\biretos-automation\downloads\photos_enhanced\804905__catalog_placeholder_v1__edcd281b.jpg,True,False,upscale_then_review
805576,D:\BIRETOS\projects\biretos-automation\downloads\photos\805576.jpg,400,247,247,needs_upscale,D:\BIRETOS\projects\biretos-automation\downloads\photos_enhanced\805576__catalog_placeholder_v1__698b24af.jpg,True,False,upscale_then_review
805577,D:\BIRETOS\projects\biretos-automation\downloads\photos\805577.jpg,415,255,255,needs_upscale,D:\BIRETOS\projects\biretos-automation\downloads\photos_enhanced\805577__catalog_placeholder_v1__9f659428.jpg,True,False,upscale_then_review
805590,D:\BIRETOS\projects\biretos-automation\downloads\photos\805590.jpg,400,395,395,needs_upscale,D:\BIRETOS\projects\biretos-automation\downloads\photos_enhanced\805590__catalog_placeholder_v1__38895810.jpg,True,False,upscale_then_review
806602,D:\BIRETOS\projects\biretos-automation\downloads\photos\806602.jpg,220,58,58,tiny_quarantine,D:\BIRETOS\projects\biretos-automation\downloads\photos_enhanced\806602__catalog_placeholder_v1__0376fab5.jpg,True,False,re_search_required
808606,D:\BIRETOS\projects\biretos-automation\downloads\photos\808606.jpg,490,350,350,needs_upscale,D:\BIRETOS\projects\biretos-automation\downloads\photos_enhanced\808606__catalog_placeholder_v1__a80ece46.jpg,True,False,upscale_then_review
808610.10,D:\BIRETOS\projects\biretos-automation\downloads\photos\808610.10.jpg,299,216,216,needs_upscale,D:\BIRETOS\projects\biretos-automation\downloads\photos_enhanced\808610.10__catalog_placeholder_v1__edd64ed5.jpg,True,False,upscale_then_review
808621,D:\BIRETOS\projects\biretos-automation\downloads\photos\808621.jpg,800,800,800,good_quality,D:\BIRETOS\projects\biretos-automation\downloads\photos_enhanced\808621__catalog_placeholder_v1__e3ca860a.jpg,True,True,keep_enhanced
815511,D:\BIRETOS\projects\biretos-automation\downloads\photos\815511.jpg,450,450,450,good_quality,D:\BIRETOS\projects\biretos-automation\downloads\photos_enhanced\815511__catalog_placeholder_v1__340ccebf.jpg,True,True,keep_enhanced
815611,D:\BIRETOS\projects\biretos-automation\downloads\photos\815611.jpg,650,650,650,good_quality,D:\BIRETOS\projects\biretos-automation\downloads\photos_enhanced\815611__catalog_placeholder_v1__37181351.jpg,True,True,keep_enhanced
816713,D:\BIRETOS\projects\biretos-automation\downloads\photos\816713.jpg,450,450,450,good_quality,D:\BIRETOS\projects\biretos-automation\downloads\photos_enhanced\816713__catalog_placeholder_v1__4babcea3.jpg,True,True,keep_enhanced
820111,D:\BIRETOS\projects\biretos-automation\downloads\photos\820111.jpg,450,450,450,good_quality,D:\BIRETOS\projects\biretos-automation\downloads\photos_enhanced\820111__catalog_placeholder_v1__84a2b644.jpg,True,True,keep_enhanced
820511,D:\BIRETOS\projects\biretos-automation\downloads\photos\820511.jpg,450,450,450,good_quality,D:\BIRETOS\projects\biretos-automation\downloads\photos_enhanced\820511__catalog_placeholder_v1__0a0566a0.jpg,True,True,keep_enhanced
820611,D:\BIRETOS\projects\biretos-automation\downloads\photos\820611.jpg,450,450,450,good_quality,D:\BIRETOS\projects\biretos-automation\downloads\photos_enhanced\820611__catalog_placeholder_v1__b2d51a16.jpg,True,True,keep_enhanced
821811,D:\BIRETOS\projects\biretos-automation\downloads\photos\821811.jpg,450,450,450,good_quality,D:\BIRETOS\projects\biretos-automation\downloads\photos_enhanced\821811__catalog_placeholder_v1__3199def6.jpg,True,True,keep_enhanced
824611,D:\BIRETOS\projects\biretos-automation\downloads\photos\824611.jpg,450,450,450,good_quality,D:\BIRETOS\projects\biretos-automation\downloads\photos_enhanced\824611__catalog_placeholder_v1__340ccebf.jpg,True,True,keep_enhanced
829211,D:\BIRETOS\projects\biretos-automation\downloads\photos\829211.jpg,650,650,650,good_quality,D:\BIRETOS\projects\biretos-automation\downloads\photos_enhanced\829211__catalog_placeholder_v1__1af24c97.jpg,True,True,keep_enhanced
830811,D:\BIRETOS\projects\biretos-automation\downloads\photos\830811.jpg,450,450,450,good_quality,D:\BIRETOS\projects\biretos-automation\downloads\photos_enhanced\830811__catalog_placeholder_v1__1126ada9.jpg,True,True,keep_enhanced
846811,D:\BIRETOS\projects\biretos-automation\downloads\photos\846811.jpg,500,500,500,good_quality,D:\BIRETOS\projects\biretos-automation\downloads\photos_enhanced\846811__catalog_placeholder_v1__768f7f85.jpg,True,True,keep_enhanced
871-229-201,D:\BIRETOS\projects\biretos-automation\downloads\photos\871-229-201.jpg,600,600,600,good_quality,D:\BIRETOS\projects\biretos-automation\downloads\photos_enhanced\871-229-201__catalog_placeholder_v1__843a9574.jpg,True,True,keep_enhanced
885711,D:\BIRETOS\projects\biretos-automation\downloads\photos\885711.jpg,400,400,400,good_quality,D:\BIRETOS\projects\biretos-automation\downloads\photos_enhanced\885711__catalog_placeholder_v1__f1ff46a8.jpg,True,True,keep_enhanced
885811,D:\BIRETOS\projects\biretos-automation\downloads\photos\885811.jpg,702,141,141,tiny_quarantine,D:\BIRETOS\projects\biretos-automation\downloads\photos_enhanced\885811__catalog_placeholder_v1__d5c187e1.jpg,True,False,re_search_required
887111,D:\BIRETOS\projects\biretos-automation\downloads\photos\887111.jpg,400,400,400,good_quality,D:\BIRETOS\projects\biretos-automation\downloads\photos_enhanced\887111__catalog_placeholder_v1__7d7be60e.jpg,True,True,keep_enhanced
902591,D:\BIRETOS\projects\biretos-automation\downloads\photos\902591.jpg,650,650,650,good_quality,D:\BIRETOS\projects\biretos-automation\downloads\photos_enhanced\902591__catalog_placeholder_v1__caf81094.jpg,True,True,keep_enhanced
91940-RU,D:\BIRETOS\projects\biretos-automation\downloads\photos\91940-RU.jpg,1200,630,630,good_quality,D:\BIRETOS\projects\biretos-automation\downloads\photos_enhanced\91940-RU__catalog_placeholder_v1__57fa615c.jpg,True,True,keep_enhanced
940293,D:\BIRETOS\projects\biretos-automation\downloads\photos\940293.jpg,450,450,450,good_quality,D:\BIRETOS\projects\biretos-automation\downloads\photos_enhanced\940293__catalog_placeholder_v1__08899122.jpg,True,True,keep_enhanced
A133230-00,D:\BIRETOS\projects\biretos-automation\downloads\photos\A133230-00.jpg,1520,596,596,good_quality,D:\BIRETOS\projects\biretos-automation\downloads\photos_enhanced\A133230-00__catalog_placeholder_v1__b1f6c40a.jpg,True,True,keep_enhanced
AF00-B65,D:\BIRETOS\projects\biretos-automation\downloads\photos\AF00-B65.jpg,500,500,500,good_quality,D:\BIRETOS\projects\biretos-automation\downloads\photos_enhanced\AF00-B65__catalog_placeholder_v1__13a29c2b.jpg,True,True,keep_enhanced
AT-MMC200LX,D:\BIRETOS\projects\biretos-automation\downloads\photos\AT-MMC200LX.jpg,1920,1920,1920,good_quality,D:\BIRETOS\projects\biretos-automation\downloads\photos_enhanced\AT-MMC200LX__catalog_placeholder_v1__e2a3539e.jpg,True,True,keep_enhanced
AT-MMCR18-60-RU,D:\BIRETOS\projects\biretos-automation\downloads\photos\AT-MMCR18-60-RU.jpg,900,900,900,good_quality,D:\BIRETOS\projects\biretos-automation\downloads\photos_enhanced\AT-MMCR18-60-RU__catalog_placeholder_v1__439487ef.jpg,True,True,keep_enhanced
AT-TRAY4,D:\BIRETOS\projects\biretos-automation\downloads\photos\AT-TRAY4.jpg,640,218,218,needs_upscale,D:\BIRETOS\projects\biretos-automation\downloads\photos_enhanced\AT-TRAY4__catalog_placeholder_v1__1097ac21.jpg,True,False,upscale_then_review
BF-HWC4-PN16-0125,D:\BIRETOS\projects\biretos-automation\downloads\photos\BF-HWC4-PN16-0125.jpg,462,480,462,good_quality,D:\BIRETOS\projects\biretos-automation\downloads\photos_enhanced\BF-HWC4-PN16-0125__catalog_placeholder_v1__3a0b25dc.jpg,True,True,keep_enhanced
BS-420G2,D:\BIRETOS\projects\biretos-automation\downloads\photos\BS-420G2.jpg,560,560,560,good_quality,D:\BIRETOS\projects\biretos-automation\downloads\photos_enhanced\BS-420G2__catalog_placeholder_v1__3d456592.jpg,True,True,keep_enhanced
BWC4-Y-R,D:\BIRETOS\projects\biretos-automation\downloads\photos\BWC4-Y-R.jpg,500,500,500,good_quality,D:\BIRETOS\projects\biretos-automation\downloads\photos_enhanced\BWC4-Y-R__catalog_placeholder_v1__23f3d91f.jpg,True,True,keep_enhanced
C7355A1050,D:\BIRETOS\projects\biretos-automation\downloads\photos\C7355A1050.jpg,1157,1130,1130,good_quality,D:\BIRETOS\projects\biretos-automation\downloads\photos_enhanced\C7355A1050__catalog_placeholder_v1__460f0446.jpg,True,True,keep_enhanced
CAB-010-SC-SM,D:\BIRETOS\projects\biretos-automation\downloads\photos\CAB-010-SC-SM.jpg,600,383,383,needs_upscale,D:\BIRETOS\projects\biretos-automation\downloads\photos_enhanced\CAB-010-SC-SM__catalog_placeholder_v1__8053837a.jpg,True,False,upscale_then_review
CABLE-0.22-8T,D:\BIRETOS\projects\biretos-automation\downloads\photos\CABLE-0.22-8T.jpg,900,900,900,good_quality,D:\BIRETOS\projects\biretos-automation\downloads\photos_enhanced\CABLE-0.22-8T__catalog_placeholder_v1__9d8bab03.jpg,True,True,keep_enhanced
CATALIST,D:\BIRETOS\projects\biretos-automation\downloads\photos\CATALIST.jpg,2400,1260,1260,good_quality,D:\BIRETOS\projects\biretos-automation\downloads\photos_enhanced\CATALIST__catalog_placeholder_v1__3f5b75d6.jpg,True,True,keep_enhanced
CB015A,D:\BIRETOS\projects\biretos-automation\downloads\photos\CB015A.jpg,275,265,265,needs_upscale,D:\BIRETOS\projects\biretos-automation\downloads\photos_enhanced\CB015A__catalog_placeholder_v1__a563e250.jpg,True,False,upscale_then_review
CF274A,D:\BIRETOS\projects\biretos-automation\downloads\photos\CF274A.jpg,400,400,400,good_quality,D:\BIRETOS\projects\biretos-automation\downloads\photos_enhanced\CF274A__catalog_placeholder_v1__1400aaff.jpg,True,True,keep_enhanced
CM010610,D:\BIRETOS\projects\biretos-automation\downloads\photos\CM010610.jpg,1280,720,720,good_quality,D:\BIRETOS\projects\biretos-automation\downloads\photos_enhanced\CM010610__catalog_placeholder_v1__606b9040.jpg,True,True,keep_enhanced
CM100600-RU,D:\BIRETOS\projects\biretos-automation\downloads\photos\CM100600-RU.jpg,2000,2000,2000,good_quality,D:\BIRETOS\projects\biretos-automation\downloads\photos_enhanced\CM100600-RU__catalog_placeholder_v1__46e64675.jpg,True,True,keep_enhanced
CN80-HB-CNV-0,D:\BIRETOS\projects\biretos-automation\downloads\photos\CN80-HB-CNV-0.jpg,600,600,600,good_quality,D:\BIRETOS\projects\biretos-automation\downloads\photos_enhanced\CN80-HB-CNV-0__catalog_placeholder_v1__d15b5e1f.jpg,True,True,keep_enhanced
COLOR,D:\BIRETOS\projects\biretos-automation\downloads\photos\COLOR.jpg,1200,630,630,good_quality,D:\BIRETOS\projects\biretos-automation\downloads\photos_enhanced\COLOR__catalog_placeholder_v1__2036eb97.jpg,True,True,keep_enhanced
CPO-RL4,D:\BIRETOS\projects\biretos-automation\downloads\photos\CPO-RL4.jpg,500,423,423,good_quality,D:\BIRETOS\projects\biretos-automation\downloads\photos_enhanced\CPO-RL4__catalog_placeholder_v1__feff119a.jpg,True,True,keep_enhanced
CR-M024DC2,D:\BIRETOS\projects\biretos-automation\downloads\photos\CR-M024DC2.jpg,450,450,450,good_quality,D:\BIRETOS\projects\biretos-automation\downloads\photos_enhanced\CR-M024DC2__catalog_placeholder_v1__65033e95.jpg,True,True,keep_enhanced
CR-M4LC,D:\BIRETOS\projects\biretos-automation\downloads\photos\CR-M4LC.jpg,720,514,514,good_quality,D:\BIRETOS\projects\biretos-automation\downloads\photos_enhanced\CR-M4LC__catalog_placeholder_v1__fa6c640e.jpg,True,True,keep_enhanced
CR-MH,D:\BIRETOS\projects\biretos-automation\downloads\photos\CR-MH.jpg,300,214,214,needs_upscale,D:\BIRETOS\projects\biretos-automation\downloads\photos_enhanced\CR-MH__catalog_placeholder_v1__d3cd8ee5.jpg,True,False,upscale_then_review
CR-P_M42,D:\BIRETOS\projects\biretos-automation\downloads\photos\CR-P_M42.jpg,340,444,340,needs_upscale,D:\BIRETOS\projects\biretos-automation\downloads\photos_enhanced\CR-P_M42__catalog_placeholder_v1__6d8ba225.jpg,True,False,upscale_then_review
CSR,D:\BIRETOS\projects\biretos-automation\downloads\photos\CSR.jpg,675,675,675,good_quality,D:\BIRETOS\projects\biretos-automation\downloads\photos_enhanced\CSR__catalog_placeholder_v1__3c154d60.jpg,True,True,keep_enhanced
CWR,D:\BIRETOS\projects\biretos-automation\downloads\photos\CWR.jpg,500,500,500,good_quality,D:\BIRETOS\projects\biretos-automation\downloads\photos_enhanced\CWR__catalog_placeholder_v1__cc8bcbe6.jpg,True,True,keep_enhanced
CWSS-RB-S8,D:\BIRETOS\projects\biretos-automation\downloads\photos\CWSS-RB-S8.jpg,600,600,600,good_quality,D:\BIRETOS\projects\biretos-automation\downloads\photos_enhanced\CWSS-RB-S8__catalog_placeholder_v1__cfa0fafe.jpg,True,True,keep_enhanced
D-71570,D:\BIRETOS\projects\biretos-automation\downloads\photos\D-71570.jpg,340,340,340,needs_upscale,D:\BIRETOS\projects\biretos-automation\downloads\photos_enhanced\D-71570__catalog_placeholder_v1__cf91e6ab.jpg,True,False,upscale_then_review
DCPSU-24-1.3,D:\BIRETOS\projects\biretos-automation\downloads\photos\DCPSU-24-1.3.jpg,628,472,472,good_quality,D:\BIRETOS\projects\biretos-automation\downloads\photos_enhanced\DCPSU-24-1.3__catalog_placeholder_v1__62ba3a83.jpg,True,True,keep_enhanced
DPTE1000S,D:\BIRETOS\projects\biretos-automation\downloads\photos\DPTE1000S.jpg,680,680,680,good_quality,D:\BIRETOS\projects\biretos-automation\downloads\photos_enhanced\DPTE1000S__catalog_placeholder_v1__ada04f14.jpg,True,True,keep_enhanced
DTI6,D:\BIRETOS\projects\biretos-automation\downloads\photos\DTI6.jpg,512,512,512,good_quality,D:\BIRETOS\projects\biretos-automation\downloads\photos_enhanced\DTI6__catalog_placeholder_v1__951c5390.jpg,True,True,keep_enhanced
EASY,D:\BIRETOS\projects\biretos-automation\downloads\photos\EASY.jpg,900,566,566,good_quality,D:\BIRETOS\projects\biretos-automation\downloads\photos_enhanced\EASY__catalog_placeholder_v1__1644fff5.jpg,True,True,keep_enhanced
EDA61K-HB-2,D:\BIRETOS\projects\biretos-automation\downloads\photos\EDA61K-HB-2.jpg,600,600,600,good_quality,D:\BIRETOS\projects\biretos-automation\downloads\photos_enhanced\EDA61K-HB-2__catalog_placeholder_v1__0597af75.jpg,True,True,keep_enhanced
EDA61K-SH-DC,D:\BIRETOS\projects\biretos-automation\downloads\photos\EDA61K-SH-DC.jpg,600,600,600,good_quality,D:\BIRETOS\projects\biretos-automation\downloads\photos_enhanced\EDA61K-SH-DC__catalog_placeholder_v1__f460c58d.jpg,True,True,keep_enhanced
EP10425882,D:\BIRETOS\projects\biretos-automation\downloads\photos\EP10425882.jpg,1280,720,720,good_quality,D:\BIRETOS\projects\biretos-automation\downloads\photos_enhanced\EP10425882__catalog_placeholder_v1__e210b4db.jpg,True,True,keep_enhanced
EP10427213,D:\BIRETOS\projects\biretos-automation\downloads\photos\EP10427213.jpg,920,482,482,good_quality,D:\BIRETOS\projects\biretos-automation\downloads\photos_enhanced\EP10427213__catalog_placeholder_v1__7aa4cac7.jpg,True,True,keep_enhanced
EP10427404,D:\BIRETOS\projects\biretos-automation\downloads\photos\EP10427404.jpg,1280,720,720,good_quality,D:\BIRETOS\projects\biretos-automation\downloads\photos_enhanced\EP10427404__catalog_placeholder_v1__6d97c4ca.jpg,True,True,keep_enhanced
EVCS-HSB,D:\BIRETOS\projects\biretos-automation\downloads\photos\EVCS-HSB.jpg,443,443,443,good_quality,D:\BIRETOS\projects\biretos-automation\downloads\photos_enhanced\EVCS-HSB__catalog_placeholder_v1__3da8e72c.jpg,True,True,keep_enhanced
EVCS-MS,D:\BIRETOS\projects\biretos-automation\downloads\photos\EVCS-MS.jpg,450,450,450,good_quality,D:\BIRETOS\projects\biretos-automation\downloads\photos_enhanced\EVCS-MS__catalog_placeholder_v1__b7ffb0f9.jpg,True,True,keep_enhanced
F750E-S0,D:\BIRETOS\projects\biretos-automation\downloads\photos\F750E-S0.jpg,450,450,450,good_quality,D:\BIRETOS\projects\biretos-automation\downloads\photos_enhanced\F750E-S0__catalog_placeholder_v1__158b5772.jpg,True,True,keep_enhanced
FCP3-RACK,D:\BIRETOS\projects\biretos-automation\downloads\photos\FCP3-RACK.jpg,1920,1920,1920,good_quality,D:\BIRETOS\projects\biretos-automation\downloads\photos_enhanced\FCP3-RACK__catalog_placeholder_v1__5987c1bc.jpg,True,True,keep_enhanced
FH973A,D:\BIRETOS\projects\biretos-automation\downloads\photos\FH973A.jpg,200,200,200,needs_upscale,D:\BIRETOS\projects\biretos-automation\downloads\photos_enhanced\FH973A__catalog_placeholder_v1__6b362086.jpg,True,False,upscale_then_review
FO-WBI-12A-GY,D:\BIRETOS\projects\biretos-automation\downloads\photos\FO-WBI-12A-GY.jpg,240,240,240,needs_upscale,D:\BIRETOS\projects\biretos-automation\downloads\photos_enhanced\FO-WBI-12A-GY__catalog_placeholder_v1__c64a7c4b.jpg,True,False,upscale_then_review
FP1B-LCUL-01H,D:\BIRETOS\projects\biretos-automation\downloads\photos\FP1B-LCUL-01H.jpg,2000,2000,2000,good_quality,D:\BIRETOS\projects\biretos-automation\downloads\photos_enhanced\FP1B-LCUL-01H__catalog_placeholder_v1__8fbe024d.jpg,True,True,keep_enhanced
FT6960-60,D:\BIRETOS\projects\biretos-automation\downloads\photos\FT6960-60.jpg,900,900,900,good_quality,D:\BIRETOS\projects\biretos-automation\downloads\photos_enhanced\FT6960-60__catalog_placeholder_v1__6ff674d9.jpg,True,True,keep_enhanced
FUSE-0.5A-5X20,D:\BIRETOS\projects\biretos-automation\downloads\photos\FUSE-0.5A-5X20.jpg,600,600,600,good_quality,D:\BIRETOS\projects\biretos-automation\downloads\photos_enhanced\FUSE-0.5A-5X20__catalog_placeholder_v1__72de683f.jpg,True,True,keep_enhanced
FUSE-20A-5X20,D:\BIRETOS\projects\biretos-automation\downloads\photos\FUSE-20A-5X20.jpg,300,300,300,needs_upscale,D:\BIRETOS\projects\biretos-automation\downloads\photos_enhanced\FUSE-20A-5X20__catalog_placeholder_v1__d68c4f05.jpg,True,False,upscale_then_review
FUSE-2A-5X20-RU,D:\BIRETOS\projects\biretos-automation\downloads\photos\FUSE-2A-5X20-RU.jpg,3264,2448,2448,good_quality,D:\BIRETOS\projects\biretos-automation\downloads\photos_enhanced\FUSE-2A-5X20-RU__catalog_placeholder_v1__2934b96b.jpg,True,True,keep_enhanced
FUSE-6.3A-5X20,D:\BIRETOS\projects\biretos-automation\downloads\photos\FUSE-6.3A-5X20.jpg,1024,1024,1024,good_quality,D:\BIRETOS\projects\biretos-automation\downloads\photos_enhanced\FUSE-6.3A-5X20__catalog_placeholder_v1__b947d154.jpg,True,True,keep_enhanced
FX808313,D:\BIRETOS\projects\biretos-automation\downloads\photos\FX808313.jpg,299,235,235,needs_upscale,D:\BIRETOS\projects\biretos-automation\downloads\photos_enhanced\FX808313__catalog_placeholder_v1__ff5cfb45.jpg,True,False,upscale_then_review
FX808324,D:\BIRETOS\projects\biretos-automation\downloads\photos\FX808324.jpg,299,190,190,tiny_quarantine,D:\BIRETOS\projects\biretos-automation\downloads\photos_enhanced\FX808324__catalog_placeholder_v1__39651e5f.jpg,True,False,re_search_required
FX808332,D:\BIRETOS\projects\biretos-automation\downloads\photos\FX808332.jpg,400,150,150,tiny_quarantine,D:\BIRETOS\projects\biretos-automation\downloads\photos_enhanced\FX808332__catalog_placeholder_v1__68aaf9c9.jpg,True,False,re_search_required
FX808338,D:\BIRETOS\projects\biretos-automation\downloads\photos\FX808338.jpg,536,400,400,good_quality,D:\BIRETOS\projects\biretos-automation\downloads\photos_enhanced\FX808338__catalog_placeholder_v1__dd628ce0.jpg,True,True,keep_enhanced
FX808341,D:\BIRETOS\projects\biretos-automation\downloads\photos\FX808341.jpg,327,218,218,needs_upscale,D:\BIRETOS\projects\biretos-automation\downloads\photos_enhanced\FX808341__catalog_placeholder_v1__c6aa225b.jpg,True,False,upscale_then_review
FX808363,D:\BIRETOS\projects\biretos-automation\downloads\photos\FX808363.jpg,400,314,314,needs_upscale,D:\BIRETOS\projects\biretos-automation\downloads\photos_enhanced\FX808363__catalog_placeholder_v1__c0151cf4.jpg,True,False,upscale_then_review
FX808364,D:\BIRETOS\projects\biretos-automation\downloads\photos\FX808364.jpg,278,395,278,needs_upscale,D:\BIRETOS\projects\biretos-automation\downloads\photos_enhanced\FX808364__catalog_placeholder_v1__ffd3629e.jpg,True,False,upscale_then_review
FX808397,D:\BIRETOS\projects\biretos-automation\downloads\photos\FX808397.jpg,400,379,379,needs_upscale,D:\BIRETOS\projects\biretos-automation\downloads\photos_enhanced\FX808397__catalog_placeholder_v1__d24ed831.jpg,True,False,upscale_then_review
FX808430.18R,D:\BIRETOS\projects\biretos-automation\downloads\photos\FX808430.18R.jpg,800,310,310,needs_upscale,D:\BIRETOS\projects\biretos-automation\downloads\photos_enhanced\FX808430.18R__catalog_placeholder_v1__f782dd63.jpg,True,False,upscale_then_review
FX808431,D:\BIRETOS\projects\biretos-automation\downloads\photos\FX808431.jpg,800,310,310,needs_upscale,D:\BIRETOS\projects\biretos-automation\downloads\photos_enhanced\FX808431__catalog_placeholder_v1__0ef69d1a.jpg,True,False,upscale_then_review
FX808439,D:\BIRETOS\projects\biretos-automation\downloads\photos\FX808439.jpg,1024,1024,1024,good_quality,D:\BIRETOS\projects\biretos-automation\downloads\photos_enhanced\FX808439__catalog_placeholder_v1__7d3f3f46.jpg,True,True,keep_enhanced
GLATRON,D:\BIRETOS\projects\biretos-automation\downloads\photos\GLATRON.jpg,500,375,375,needs_upscale,D:\BIRETOS\projects\biretos-automation\downloads\photos_enhanced\GLATRON__catalog_placeholder_v1__b0b02a41.jpg,True,False,upscale_then_review
H3D1F1X,D:\BIRETOS\projects\biretos-automation\downloads\photos\H3D1F1X.jpg,960,1280,960,good_quality,D:\BIRETOS\projects\biretos-automation\downloads\photos_enhanced\H3D1F1X__catalog_placeholder_v1__89ba4b0c.jpg,True,True,keep_enhanced
H4L6GR2,D:\BIRETOS\projects\biretos-automation\downloads\photos\H4L6GR2.jpg,5760,3840,3840,good_quality,D:\BIRETOS\projects\biretos-automation\downloads\photos_enhanced\H4L6GR2__catalog_placeholder_v1__02a29149.jpg,True,True,keep_enhanced
H4W4GR1Y,D:\BIRETOS\projects\biretos-automation\downloads\photos\H4W4GR1Y.jpg,500,500,500,good_quality,D:\BIRETOS\projects\biretos-automation\downloads\photos_enhanced\H4W4GR1Y__catalog_placeholder_v1__06a11452.jpg,True,True,keep_enhanced
H4W4PER2,D:\BIRETOS\projects\biretos-automation\downloads\photos\H4W4PER2.jpg,400,400,400,good_quality,D:\BIRETOS\projects\biretos-automation\downloads\photos_enhanced\H4W4PER2__catalog_placeholder_v1__a3636340.jpg,True,True,keep_enhanced
HBL6GR2,D:\BIRETOS\projects\biretos-automation\downloads\photos\HBL6GR2.jpg,1280,720,720,good_quality,D:\BIRETOS\projects\biretos-automation\downloads\photos_enhanced\HBL6GR2__catalog_placeholder_v1__d1563b54.jpg,True,True,keep_enhanced
HCM-4-2U,D:\BIRETOS\projects\biretos-automation\downloads\photos\HCM-4-2U.jpg,2000,2000,2000,good_quality,D:\BIRETOS\projects\biretos-automation\downloads\photos_enhanced\HCM-4-2U__catalog_placeholder_v1__361672de.jpg,True,True,keep_enhanced
HVAC23C5,D:\BIRETOS\projects\biretos-automation\downloads\photos\HVAC23C5.jpg,400,400,400,good_quality,D:\BIRETOS\projects\biretos-automation\downloads\photos_enhanced\HVAC23C5__catalog_placeholder_v1__d9561ca7.jpg,True,True,keep_enhanced
HVAC31C5,D:\BIRETOS\projects\biretos-automation\downloads\photos\HVAC31C5.jpg,600,510,510,good_quality,D:\BIRETOS\projects\biretos-automation\downloads\photos_enhanced\HVAC31C5__catalog_placeholder_v1__09ba3a3c.jpg,True,True,keep_enhanced
HVAC46C5,D:\BIRETOS\projects\biretos-automation\downloads\photos\HVAC46C5.jpg,600,510,510,good_quality,D:\BIRETOS\projects\biretos-automation\downloads\photos_enhanced\HVAC46C5__catalog_placeholder_v1__09ba3a3c.jpg,True,True,keep_enhanced
IMC-101-S-SC,D:\BIRETOS\projects\biretos-automation\downloads\photos\IMC-101-S-SC.jpg,200,200,200,needs_upscale,D:\BIRETOS\projects\biretos-automation\downloads\photos_enhanced\IMC-101-S-SC__catalog_placeholder_v1__a54444a5.jpg,True,False,upscale_then_review
IP,D:\BIRETOS\projects\biretos-automation\downloads\photos\IP.jpg,300,250,250,needs_upscale,D:\BIRETOS\projects\biretos-automation\downloads\photos_enhanced\IP__catalog_placeholder_v1__11b70599.jpg,True,False,upscale_then_review
KCD2090XI,D:\BIRETOS\projects\biretos-automation\downloads\photos\KCD2090XI.jpg,200,200,200,needs_upscale,D:\BIRETOS\projects\biretos-automation\downloads\photos_enhanced\KCD2090XI__catalog_placeholder_v1__f82b22b3.jpg,True,False,upscale_then_review
KD-050,D:\BIRETOS\projects\biretos-automation\downloads\photos\KD-050.jpg,1200,800,800,good_quality,D:\BIRETOS\projects\biretos-automation\downloads\photos_enhanced\KD-050__catalog_placeholder_v1__bad32d2c.jpg,True,True,keep_enhanced
KTF00-65-2M,D:\BIRETOS\projects\biretos-automation\downloads\photos\KTF00-65-2M.jpg,800,600,600,good_quality,D:\BIRETOS\projects\biretos-automation\downloads\photos_enhanced\KTF00-65-2M__catalog_placeholder_v1__80ce290b.jpg,True,True,keep_enhanced
KZDS,D:\BIRETOS\projects\biretos-automation\downloads\photos\KZDS.jpg,1200,600,600,good_quality,D:\BIRETOS\projects\biretos-automation\downloads\photos_enhanced\KZDS__catalog_placeholder_v1__44dc20bf.jpg,True,True,keep_enhanced
L-VOM40A_EN,D:\BIRETOS\projects\biretos-automation\downloads\photos\L-VOM40A_EN.jpg,400,400,400,good_quality,D:\BIRETOS\projects\biretos-automation\downloads\photos_enhanced\L-VOM40A_EN__catalog_placeholder_v1__7e7b1e04.jpg,True,True,keep_enhanced
LA5496411314,D:\BIRETOS\projects\biretos-automation\downloads\photos\LA5496411314.jpg,1280,720,720,good_quality,D:\BIRETOS\projects\biretos-automation\downloads\photos_enhanced\LA5496411314__catalog_placeholder_v1__4b4effdc.jpg,True,True,keep_enhanced
LATITUDE,D:\BIRETOS\projects\biretos-automation\downloads\photos\LATITUDE.jpg,1280,720,720,good_quality,D:\BIRETOS\projects\biretos-automation\downloads\photos_enhanced\LATITUDE__catalog_placeholder_v1__38664119.jpg,True,True,keep_enhanced
LCD,D:\BIRETOS\projects\biretos-automation\downloads\photos\LCD.jpg,240,180,180,tiny_quarantine,D:\BIRETOS\projects\biretos-automation\downloads\photos_enhanced\LCD__catalog_placeholder_v1__4bbc7348.jpg,True,False,re_search_required
LEONARDO-OT,D:\BIRETOS\projects\biretos-automation\downloads\photos\LEONARDO-OT.jpg,5877,1674,1674,good_quality,D:\BIRETOS\projects\biretos-automation\downloads\photos_enhanced\LEONARDO-OT__catalog_placeholder_v1__70344fe1.jpg,True,True,keep_enhanced
LF20-3P65-5M,D:\BIRETOS\projects\biretos-automation\downloads\photos\LF20-3P65-5M.jpg,900,825,825,good_quality,D:\BIRETOS\projects\biretos-automation\downloads\photos_enhanced\LF20-3P65-5M__catalog_placeholder_v1__360c46df.jpg,True,True,keep_enhanced
LUX,D:\BIRETOS\projects\biretos-automation\downloads\photos\LUX.jpg,275,183,183,tiny_quarantine,D:\BIRETOS\projects\biretos-automation\downloads\photos_enhanced\LUX__catalog_placeholder_v1__d272b98c.jpg,True,False,re_search_required
M200E-SMB,D:\BIRETOS\projects\biretos-automation\downloads\photos\M200E-SMB.jpg,250,250,250,needs_upscale,D:\BIRETOS\projects\biretos-automation\downloads\photos_enhanced\M200E-SMB__catalog_placeholder_v1__9735ee8e.jpg,True,False,upscale_then_review
M7294Q1015_U,D:\BIRETOS\projects\biretos-automation\downloads\photos\M7294Q1015_U.jpg,150,150,150,tiny_quarantine,D:\BIRETOS\projects\biretos-automation\downloads\photos_enhanced\M7294Q1015_U__catalog_placeholder_v1__876bc710.jpg,True,False,re_search_required
MAU8_MS,D:\BIRETOS\projects\biretos-automation\downloads\photos\MAU8_MS.jpg,680,680,680,good_quality,D:\BIRETOS\projects\biretos-automation\downloads\photos_enhanced\MAU8_MS__catalog_placeholder_v1__eafa1153.jpg,True,True,keep_enhanced
MB3480,D:\BIRETOS\projects\biretos-automation\downloads\photos\MB3480.jpg,450,450,450,good_quality,D:\BIRETOS\projects\biretos-automation\downloads\photos_enhanced\MB3480__catalog_placeholder_v1__6968dd48.jpg,True,True,keep_enhanced
MCP-PRO-M,D:\BIRETOS\projects\biretos-automation\downloads\photos\MCP-PRO-M.jpg,529,580,529,good_quality,D:\BIRETOS\projects\biretos-automation\downloads\photos_enhanced\MCP-PRO-M__catalog_placeholder_v1__bb53aa3a.jpg,True,True,keep_enhanced
ML6420A3072,D:\BIRETOS\projects\biretos-automation\downloads\photos\ML6420A3072.jpg,680,680,680,good_quality,D:\BIRETOS\projects\biretos-automation\downloads\photos_enhanced\ML6420A3072__catalog_placeholder_v1__4899f3d7.jpg,True,True,keep_enhanced
ML6421A3005,D:\BIRETOS\projects\biretos-automation\downloads\photos\ML6421A3005.jpg,591,839,591,good_quality,D:\BIRETOS\projects\biretos-automation\downloads\photos_enhanced\ML6421A3005__catalog_placeholder_v1__24ddb13f.jpg,True,True,keep_enhanced
ML6421A3013,D:\BIRETOS\projects\biretos-automation\downloads\photos\ML6421A3013.jpg,680,680,680,good_quality,D:\BIRETOS\projects\biretos-automation\downloads\photos_enhanced\ML6421A3013__catalog_placeholder_v1__1ff94dd8.jpg,True,True,keep_enhanced
ML6425A3014,D:\BIRETOS\projects\biretos-automation\downloads\photos\ML6425A3014.jpg,750,750,750,good_quality,D:\BIRETOS\projects\biretos-automation\downloads\photos_enhanced\ML6425A3014__catalog_placeholder_v1__cc323d9c.jpg,True,True,keep_enhanced
MZ-PCWS77,D:\BIRETOS\projects\biretos-automation\downloads\photos\MZ-PCWS77.jpg,300,300,300,needs_upscale,D:\BIRETOS\projects\biretos-automation\downloads\photos_enhanced\MZ-PCWS77__catalog_placeholder_v1__e299623b.jpg,True,False,upscale_then_review
MZ-PCWS84,D:\BIRETOS\projects\biretos-automation\downloads\photos\MZ-PCWS84.jpg,800,800,800,good_quality,D:\BIRETOS\projects\biretos-automation\downloads\photos_enhanced\MZ-PCWS84__catalog_placeholder_v1__2ad89936.jpg,True,True,keep_enhanced
N05010,D:\BIRETOS\projects\biretos-automation\downloads\photos\N05010.jpg,196,274,196,tiny_quarantine,D:\BIRETOS\projects\biretos-automation\downloads\photos_enhanced\N05010__catalog_placeholder_v1__89d39abd.jpg,True,False,re_search_required
N05230-2POS,D:\BIRETOS\projects\biretos-automation\downloads\photos\N05230-2POS.jpg,534,400,400,good_quality,D:\BIRETOS\projects\biretos-automation\downloads\photos_enhanced\N05230-2POS__catalog_placeholder_v1__c10583bc.jpg,True,True,keep_enhanced
N0524,D:\BIRETOS\projects\biretos-automation\downloads\photos\N0524.jpg,534,400,400,good_quality,D:\BIRETOS\projects\biretos-automation\downloads\photos_enhanced\N0524__catalog_placeholder_v1__2fa161b8.jpg,True,True,keep_enhanced
N0524-SW2,D:\BIRETOS\projects\biretos-automation\downloads\photos\N0524-SW2.jpg,534,400,400,good_quality,D:\BIRETOS\projects\biretos-automation\downloads\photos_enhanced\N0524-SW2__catalog_placeholder_v1__2fa161b8.jpg,True,True,keep_enhanced
N10010,D:\BIRETOS\projects\biretos-automation\downloads\photos\N10010.jpg,534,400,400,good_quality,D:\BIRETOS\projects\biretos-automation\downloads\photos_enhanced\N10010__catalog_placeholder_v1__c5fd7ab6.jpg,True,True,keep_enhanced
N34230,D:\BIRETOS\projects\biretos-automation\downloads\photos\N34230.jpg,500,500,500,good_quality,D:\BIRETOS\projects\biretos-automation\downloads\photos_enhanced\N34230__catalog_placeholder_v1__238de475.jpg,True,True,keep_enhanced
N3424,D:\BIRETOS\projects\biretos-automation\downloads\photos\N3424.jpg,129,215,129,tiny_quarantine,D:\BIRETOS\projects\biretos-automation\downloads\photos_enhanced\N3424__catalog_placeholder_v1__4193bf04.jpg,True,False,re_search_required
NE-NICS02,D:\BIRETOS\projects\biretos-automation\downloads\photos\NE-NICS02.jpg,400,400,400,good_quality,D:\BIRETOS\projects\biretos-automation\downloads\photos_enhanced\NE-NICS02__catalog_placeholder_v1__30670990.jpg,True,True,keep_enhanced
NMF-RP16SCUS2-RU,D:\BIRETOS\projects\biretos-automation\downloads\photos\NMF-RP16SCUS2-RU.jpg,2400,1260,1260,good_quality,D:\BIRETOS\projects\biretos-automation\downloads\photos_enhanced\NMF-RP16SCUS2-RU__catalog_placeholder_v1__781860ba.jpg,True,True,keep_enhanced
OPTIPLEX,D:\BIRETOS\projects\biretos-automation\downloads\photos\OPTIPLEX.jpg,200,200,200,needs_upscale,D:\BIRETOS\projects\biretos-automation\downloads\photos_enhanced\OPTIPLEX__catalog_placeholder_v1__7ba56073.jpg,True,False,upscale_then_review
P2210F,D:\BIRETOS\projects\biretos-automation\downloads\photos\P2210F.jpg,1280,720,720,good_quality,D:\BIRETOS\projects\biretos-automation\downloads\photos_enhanced\P2210F__catalog_placeholder_v1__72b5dceb.jpg,True,True,keep_enhanced
P2212HB,D:\BIRETOS\projects\biretos-automation\downloads\photos\P2212HB.jpg,320,298,298,needs_upscale,D:\BIRETOS\projects\biretos-automation\downloads\photos_enhanced\P2212HB__catalog_placeholder_v1__ece4bbe8.jpg,True,False,upscale_then_review
P2213F,D:\BIRETOS\projects\biretos-automation\downloads\photos\P2213F.jpg,768,1024,768,good_quality,D:\BIRETOS\projects\biretos-automation\downloads\photos_enhanced\P2213F__catalog_placeholder_v1__727de5a2.jpg,True,True,keep_enhanced
P2213T,D:\BIRETOS\projects\biretos-automation\downloads\photos\P2213T.jpg,500,363,363,needs_upscale,D:\BIRETOS\projects\biretos-automation\downloads\photos_enhanced\P2213T__catalog_placeholder_v1__08e08ade.jpg,True,False,upscale_then_review
P2217H,D:\BIRETOS\projects\biretos-automation\downloads\photos\P2217H.jpg,1500,1000,1000,good_quality,D:\BIRETOS\projects\biretos-automation\downloads\photos_enhanced\P2217H__catalog_placeholder_v1__9b46742c.jpg,True,True,keep_enhanced
P2421D,D:\BIRETOS\projects\biretos-automation\downloads\photos\P2421D.jpg,500,500,500,good_quality,D:\BIRETOS\projects\biretos-automation\downloads\photos_enhanced\P2421D__catalog_placeholder_v1__eafab918.jpg,True,True,keep_enhanced
P2422H,D:\BIRETOS\projects\biretos-automation\downloads\photos\P2422H.jpg,540,540,540,good_quality,D:\BIRETOS\projects\biretos-automation\downloads\photos_enhanced\P2422H__catalog_placeholder_v1__21e99e89.jpg,True,True,keep_enhanced
P400-RU,D:\BIRETOS\projects\biretos-automation\downloads\photos\P400-RU.jpg,1069,580,580,good_quality,D:\BIRETOS\projects\biretos-automation\downloads\photos_enhanced\P400-RU__catalog_placeholder_v1__4fdc7857.jpg,True,True,keep_enhanced
P600,D:\BIRETOS\projects\biretos-automation\downloads\photos\P600.jpg,955,500,500,good_quality,D:\BIRETOS\projects\biretos-automation\downloads\photos_enhanced\P600__catalog_placeholder_v1__7b4ec0d7.jpg,True,True,keep_enhanced
PANC300-03,D:\BIRETOS\projects\biretos-automation\downloads\photos\PANC300-03.jpg,800,800,800,good_quality,D:\BIRETOS\projects\biretos-automation\downloads\photos_enhanced\PANC300-03__catalog_placeholder_v1__f15a379e.jpg,True,True,keep_enhanced
PANC300-04,D:\BIRETOS\projects\biretos-automation\downloads\photos\PANC300-04.jpg,1280,720,720,good_quality,D:\BIRETOS\projects\biretos-automation\downloads\photos_enhanced\PANC300-04__catalog_placeholder_v1__16d3de6f.jpg,True,True,keep_enhanced
PAVILION,D:\BIRETOS\projects\biretos-automation\downloads\photos\PAVILION.jpg,1200,630,630,good_quality,D:\BIRETOS\projects\biretos-automation\downloads\photos_enhanced\PAVILION__catalog_placeholder_v1__9413a5c5.jpg,True,True,keep_enhanced
PCD2.A200,D:\BIRETOS\projects\biretos-automation\downloads\photos\PCD2.A200.jpg,499,307,307,needs_upscale,D:\BIRETOS\projects\biretos-automation\downloads\photos_enhanced\PCD2.A200__catalog_placeholder_v1__0f861b73.jpg,True,False,upscale_then_review
PCD3.M3360,D:\BIRETOS\projects\biretos-automation\downloads\photos\PCD3.M3360.jpg,700,700,700,good_quality,D:\BIRETOS\projects\biretos-automation\downloads\photos_enhanced\PCD3.M3360__catalog_placeholder_v1__b51bc6c0.jpg,True,True,keep_enhanced
PCD3.W340,D:\BIRETOS\projects\biretos-automation\downloads\photos\PCD3.W340.jpg,700,700,700,good_quality,D:\BIRETOS\projects\biretos-automation\downloads\photos_enhanced\PCD3.W340__catalog_placeholder_v1__06c3ad40.jpg,True,True,keep_enhanced
PCD7.L500,D:\BIRETOS\projects\biretos-automation\downloads\photos\PCD7.L500.jpg,625,628,625,good_quality,D:\BIRETOS\projects\biretos-automation\downloads\photos_enhanced\PCD7.L500__catalog_placeholder_v1__fe02f741.jpg,True,True,keep_enhanced
PERTHECTION,D:\BIRETOS\projects\biretos-automation\downloads\photos\PERTHECTION.jpg,1280,720,720,good_quality,D:\BIRETOS\projects\biretos-automation\downloads\photos_enhanced\PERTHECTION__catalog_placeholder_v1__96beb789.jpg,True,True,keep_enhanced
PHASER,D:\BIRETOS\projects\biretos-automation\downloads\photos\PHASER.jpg,1024,1024,1024,good_quality,D:\BIRETOS\projects\biretos-automation\downloads\photos_enhanced\PHASER__catalog_placeholder_v1__9456c147.jpg,True,True,keep_enhanced
PIP-003,D:\BIRETOS\projects\biretos-automation\downloads\photos\PIP-003.jpg,800,800,800,good_quality,D:\BIRETOS\projects\biretos-automation\downloads\photos_enhanced\PIP-003__catalog_placeholder_v1__efbe489a.jpg,True,True,keep_enhanced
PP11L,D:\BIRETOS\projects\biretos-automation\downloads\photos\PP11L.jpg,1280,720,720,good_quality,D:\BIRETOS\projects\biretos-automation\downloads\photos_enhanced\PP11L__catalog_placeholder_v1__307e8ec7.jpg,True,True,keep_enhanced
PRECISION,D:\BIRETOS\projects\biretos-automation\downloads\photos\PRECISION.jpg,1200,630,630,good_quality,D:\BIRETOS\projects\biretos-automation\downloads\photos_enhanced\PRECISION__catalog_placeholder_v1__5c7b70d5.jpg,True,True,keep_enhanced
PRECITHION,D:\BIRETOS\projects\biretos-automation\downloads\photos\PRECITHION.jpg,300,274,274,needs_upscale,D:\BIRETOS\projects\biretos-automation\downloads\photos_enhanced\PRECITHION__catalog_placeholder_v1__b8b7db0d.jpg,True,False,upscale_then_review
PRECITION,D:\BIRETOS\projects\biretos-automation\downloads\photos\PRECITION.jpg,622,797,622,good_quality,D:\BIRETOS\projects\biretos-automation\downloads\photos_enhanced\PRECITION__catalog_placeholder_v1__4e8be262.jpg,True,True,keep_enhanced
PROFI-O,D:\BIRETOS\projects\biretos-automation\downloads\photos\PROFI-O.jpg,630,630,630,good_quality,D:\BIRETOS\projects\biretos-automation\downloads\photos_enhanced\PROFI-O__catalog_placeholder_v1__bdd233dd.jpg,True,True,keep_enhanced
PTSRB0101V3,D:\BIRETOS\projects\biretos-automation\downloads\photos\PTSRB0101V3.jpg,680,680,680,good_quality,D:\BIRETOS\projects\biretos-automation\downloads\photos_enhanced\PTSRB0101V3__catalog_placeholder_v1__e4dd4bd3.jpg,True,True,keep_enhanced
PW5K1ENC3E,D:\BIRETOS\projects\biretos-automation\downloads\photos\PW5K1ENC3E.jpg,667,467,467,good_quality,D:\BIRETOS\projects\biretos-automation\downloads\photos_enhanced\PW5K1ENC3E__catalog_placeholder_v1__c81b82cc.jpg,True,True,keep_enhanced
R4343E1048-ST005,D:\BIRETOS\projects\biretos-automation\downloads\photos\R4343E1048-ST005.jpg,534,400,400,good_quality,D:\BIRETOS\projects\biretos-automation\downloads\photos_enhanced\R4343E1048-ST005__catalog_placeholder_v1__b1508572.jpg,True,True,keep_enhanced
RA100Z,D:\BIRETOS\projects\biretos-automation\downloads\photos\RA100Z.jpg,552,770,552,good_quality,D:\BIRETOS\projects\biretos-automation\downloads\photos_enhanced\RA100Z__catalog_placeholder_v1__6cd87e79.jpg,True,True,keep_enhanced
RDU300504,D:\BIRETOS\projects\biretos-automation\downloads\photos\RDU300504.jpg,500,500,500,good_quality,D:\BIRETOS\projects\biretos-automation\downloads\photos_enhanced\RDU300504__catalog_placeholder_v1__34ed4011.jpg,True,True,keep_enhanced
RIC-F-BLNK-01,D:\BIRETOS\projects\biretos-automation\downloads\photos\RIC-F-BLNK-01.jpg,1920,1920,1920,good_quality,D:\BIRETOS\projects\biretos-automation\downloads\photos_enhanced\RIC-F-BLNK-01__catalog_placeholder_v1__32fb641b.jpg,True,True,keep_enhanced
RIC-F-LCU24-01C,D:\BIRETOS\projects\biretos-automation\downloads\photos\RIC-F-LCU24-01C.jpg,2000,2000,2000,good_quality,D:\BIRETOS\projects\biretos-automation\downloads\photos_enhanced\RIC-F-LCU24-01C__catalog_placeholder_v1__8c47947c.jpg,True,True,keep_enhanced
RMK400AP-IV,D:\BIRETOS\projects\biretos-automation\downloads\photos\RMK400AP-IV.jpg,632,500,500,good_quality,D:\BIRETOS\projects\biretos-automation\downloads\photos_enhanced\RMK400AP-IV__catalog_placeholder_v1__8ff68208.jpg,True,True,keep_enhanced
ROL15-2761-04,D:\BIRETOS\projects\biretos-automation\downloads\photos\ROL15-2761-04.jpg,600,600,600,good_quality,D:\BIRETOS\projects\biretos-automation\downloads\photos_enhanced\ROL15-2761-04__catalog_placeholder_v1__3617ed2c.jpg,True,True,keep_enhanced
S0324-2POS-SW1,D:\BIRETOS\projects\biretos-automation\downloads\photos\S0324-2POS-SW1.jpg,680,680,680,good_quality,D:\BIRETOS\projects\biretos-automation\downloads\photos_enhanced\S0324-2POS-SW1__catalog_placeholder_v1__9592abea.jpg,True,True,keep_enhanced
S05230-2POS,D:\BIRETOS\projects\biretos-automation\downloads\photos\S05230-2POS.jpg,534,400,400,good_quality,D:\BIRETOS\projects\biretos-automation\downloads\photos_enhanced\S05230-2POS__catalog_placeholder_v1__99effbb4.jpg,True,True,keep_enhanced
S10010,D:\BIRETOS\projects\biretos-automation\downloads\photos\S10010.jpg,165,340,165,tiny_quarantine,D:\BIRETOS\projects\biretos-automation\downloads\photos_enhanced\S10010__catalog_placeholder_v1__ee350830.jpg,True,False,re_search_required
S10010-SW2,D:\BIRETOS\projects\biretos-automation\downloads\photos\S10010-SW2.jpg,165,340,165,tiny_quarantine,D:\BIRETOS\projects\biretos-automation\downloads\photos_enhanced\S10010-SW2__catalog_placeholder_v1__ee350830.jpg,True,False,re_search_required
SC-SC,D:\BIRETOS\projects\biretos-automation\downloads\photos\SC-SC.jpg,500,375,375,needs_upscale,D:\BIRETOS\projects\biretos-automation\downloads\photos_enhanced\SC-SC__catalog_placeholder_v1__20affc3f.jpg,True,False,upscale_then_review
SC-SCDUPLEX9_125-1,D:\BIRETOS\projects\biretos-automation\downloads\photos\SC-SCDUPLEX9_125-1.jpg,1200,1200,1200,good_quality,D:\BIRETOS\projects\biretos-automation\downloads\photos_enhanced\SC-SCDUPLEX9_125-1__catalog_placeholder_v1__3c0e6937.jpg,True,True,keep_enhanced
SC-SCDUPLEX9_125-2,D:\BIRETOS\projects\biretos-automation\downloads\photos\SC-SCDUPLEX9_125-2.jpg,1200,1200,1200,good_quality,D:\BIRETOS\projects\biretos-automation\downloads\photos_enhanced\SC-SCDUPLEX9_125-2__catalog_placeholder_v1__3c0e6937.jpg,True,True,keep_enhanced
SC-SCDUPLEX9_125-5,D:\BIRETOS\projects\biretos-automation\downloads\photos\SC-SCDUPLEX9_125-5.jpg,1200,1200,1200,good_quality,D:\BIRETOS\projects\biretos-automation\downloads\photos_enhanced\SC-SCDUPLEX9_125-5__catalog_placeholder_v1__3c0e6937.jpg,True,True,keep_enhanced
SCDUPLEX9_125-10,D:\BIRETOS\projects\biretos-automation\downloads\photos\SCDUPLEX9_125-10.jpg,650,620,620,good_quality,D:\BIRETOS\projects\biretos-automation\downloads\photos_enhanced\SCDUPLEX9_125-10__catalog_placeholder_v1__5263248c.jpg,True,True,keep_enhanced
SCDUPLEX9_125-15,D:\BIRETOS\projects\biretos-automation\downloads\photos\SCDUPLEX9_125-15.jpg,500,500,500,good_quality,D:\BIRETOS\projects\biretos-automation\downloads\photos_enhanced\SCDUPLEX9_125-15__catalog_placeholder_v1__6a116d37.jpg,True,True,keep_enhanced
SDM-S93,D:\BIRETOS\projects\biretos-automation\downloads\photos\SDM-S93.jpg,300,169,169,tiny_quarantine,D:\BIRETOS\projects\biretos-automation\downloads\photos_enhanced\SDM-S93__catalog_placeholder_v1__409d421d.jpg,True,False,re_search_required
SF00-B54,D:\BIRETOS\projects\biretos-automation\downloads\photos\SF00-B54.jpg,640,890,640,good_quality,D:\BIRETOS\projects\biretos-automation\downloads\photos_enhanced\SF00-B54__catalog_placeholder_v1__f0d7a59a.jpg,True,True,keep_enhanced
SK8115,D:\BIRETOS\projects\biretos-automation\downloads\photos\SK8115.jpg,300,225,225,needs_upscale,D:\BIRETOS\projects\biretos-automation\downloads\photos_enhanced\SK8115__catalog_placeholder_v1__62e9caf3.jpg,True,False,upscale_then_review
SM-0.9-SC-UPC-1.5,D:\BIRETOS\projects\biretos-automation\downloads\photos\SM-0.9-SC-UPC-1.5.jpg,1000,1000,1000,good_quality,D:\BIRETOS\projects\biretos-automation\downloads\photos_enhanced\SM-0.9-SC-UPC-1.5__catalog_placeholder_v1__889fb554.jpg,True,True,keep_enhanced
SMB500,D:\BIRETOS\projects\biretos-automation\downloads\photos\SMB500.jpg,250,250,250,needs_upscale,D:\BIRETOS\projects\biretos-automation\downloads\photos_enhanced\SMB500__catalog_placeholder_v1__fd719960.jpg,True,False,upscale_then_review
SNR-RMB-1UC,D:\BIRETOS\projects\biretos-automation\downloads\photos\SNR-RMB-1UC.jpg,495,640,495,good_quality,D:\BIRETOS\projects\biretos-automation\downloads\photos_enhanced\SNR-RMB-1UC__catalog_placeholder_v1__d47d1000.jpg,True,True,keep_enhanced
T7460A1018,D:\BIRETOS\projects\biretos-automation\downloads\photos\T7460A1018.jpg,500,500,500,good_quality,D:\BIRETOS\projects\biretos-automation\downloads\photos_enhanced\T7460A1018__catalog_placeholder_v1__13a29c2b.jpg,True,True,keep_enhanced
T7560A1000,D:\BIRETOS\projects\biretos-automation\downloads\photos\T7560A1000.jpg,138,162,138,tiny_quarantine,D:\BIRETOS\projects\biretos-automation\downloads\photos_enhanced\T7560A1000__catalog_placeholder_v1__c0e56801.jpg,True,False,re_search_required
T7560B1008,D:\BIRETOS\projects\biretos-automation\downloads\photos\T7560B1008.jpg,640,771,640,good_quality,D:\BIRETOS\projects\biretos-automation\downloads\photos_enhanced\T7560B1008__catalog_placeholder_v1__03bb5610.jpg,True,True,keep_enhanced
T7560B1024,D:\BIRETOS\projects\biretos-automation\downloads\photos\T7560B1024.jpg,138,162,138,tiny_quarantine,D:\BIRETOS\projects\biretos-automation\downloads\photos_enhanced\T7560B1024__catalog_placeholder_v1__c0e56801.jpg,True,False,re_search_required
TPPR-V-1030,D:\BIRETOS\projects\biretos-automation\downloads\photos\TPPR-V-1030.jpg,500,500,500,good_quality,D:\BIRETOS\projects\biretos-automation\downloads\photos_enhanced\TPPR-V-1030__catalog_placeholder_v1__735d2ad3.jpg,True,True,keep_enhanced
TPPR-V-1040,D:\BIRETOS\projects\biretos-automation\downloads\photos\TPPR-V-1040.jpg,387,285,285,needs_upscale,D:\BIRETOS\projects\biretos-automation\downloads\photos_enhanced\TPPR-V-1040__catalog_placeholder_v1__4e17f5f4.jpg,True,False,upscale_then_review
TRAY-3,D:\BIRETOS\projects\biretos-automation\downloads\photos\TRAY-3.jpg,450,450,450,good_quality,D:\BIRETOS\projects\biretos-automation\downloads\photos_enhanced\TRAY-3__catalog_placeholder_v1__81965ffa.jpg,True,True,keep_enhanced
U2410F,D:\BIRETOS\projects\biretos-automation\downloads\photos\U2410F.jpg,1280,720,720,good_quality,D:\BIRETOS\projects\biretos-automation\downloads\photos_enhanced\U2410F__catalog_placeholder_v1__ca42c05e.jpg,True,True,keep_enhanced
U2412M,D:\BIRETOS\projects\biretos-automation\downloads\photos\U2412M.jpg,200,200,200,needs_upscale,D:\BIRETOS\projects\biretos-automation\downloads\photos_enhanced\U2412M__catalog_placeholder_v1__3e2f1822.jpg,True,False,upscale_then_review
U2412MB,D:\BIRETOS\projects\biretos-automation\downloads\photos\U2412MB.jpg,320,245,245,needs_upscale,D:\BIRETOS\projects\biretos-automation\downloads\photos_enhanced\U2412MB__catalog_placeholder_v1__c85c2ee9.jpg,True,False,upscale_then_review
U2421M,D:\BIRETOS\projects\biretos-automation\downloads\photos\U2421M.jpg,200,200,200,needs_upscale,D:\BIRETOS\projects\biretos-automation\downloads\photos_enhanced\U2421M__catalog_placeholder_v1__939dd47d.jpg,True,False,upscale_then_review
V5011R1000,D:\BIRETOS\projects\biretos-automation\downloads\photos\V5011R1000.jpg,597,714,597,good_quality,D:\BIRETOS\projects\biretos-automation\downloads\photos_enhanced\V5011R1000__catalog_placeholder_v1__21fbb1fc.jpg,True,True,keep_enhanced
V5013R1057,D:\BIRETOS\projects\biretos-automation\downloads\photos\V5013R1057.jpg,344,500,344,needs_upscale,D:\BIRETOS\projects\biretos-automation\downloads\photos_enhanced\V5013R1057__catalog_placeholder_v1__239071bf.jpg,True,False,upscale_then_review
V5013R1099,D:\BIRETOS\projects\biretos-automation\downloads\photos\V5013R1099.jpg,344,500,344,needs_upscale,D:\BIRETOS\projects\biretos-automation\downloads\photos_enhanced\V5013R1099__catalog_placeholder_v1__239071bf.jpg,True,False,upscale_then_review
V5015A1151,D:\BIRETOS\projects\biretos-automation\downloads\photos\V5015A1151.jpg,300,300,300,needs_upscale,D:\BIRETOS\projects\biretos-automation\downloads\photos_enhanced\V5015A1151__catalog_placeholder_v1__bb9e0d5b.jpg,True,False,upscale_then_review
V5015A1169,D:\BIRETOS\projects\biretos-automation\downloads\photos\V5015A1169.jpg,300,300,300,needs_upscale,D:\BIRETOS\projects\biretos-automation\downloads\photos_enhanced\V5015A1169__catalog_placeholder_v1__bb9e0d5b.jpg,True,False,upscale_then_review
V5016A1101,D:\BIRETOS\projects\biretos-automation\downloads\photos\V5016A1101.jpg,597,714,597,good_quality,D:\BIRETOS\projects\biretos-automation\downloads\photos_enhanced\V5016A1101__catalog_placeholder_v1__21fbb1fc.jpg,True,True,keep_enhanced
V5016A1135,D:\BIRETOS\projects\biretos-automation\downloads\photos\V5016A1135.jpg,597,714,597,good_quality,D:\BIRETOS\projects\biretos-automation\downloads\photos_enhanced\V5016A1135__catalog_placeholder_v1__21fbb1fc.jpg,True,True,keep_enhanced
V5050A1090,D:\BIRETOS\projects\biretos-automation\downloads\photos\V5050A1090.jpg,640,1054,640,good_quality,D:\BIRETOS\projects\biretos-automation\downloads\photos_enhanced\V5050A1090__catalog_placeholder_v1__013ecec8.jpg,True,True,keep_enhanced
V5050A1116,D:\BIRETOS\projects\biretos-automation\downloads\photos\V5050A1116.jpg,300,300,300,needs_upscale,D:\BIRETOS\projects\biretos-automation\downloads\photos_enhanced\V5050A1116__catalog_placeholder_v1__fa79d9aa.jpg,True,False,upscale_then_review
V5328A1005,D:\BIRETOS\projects\biretos-automation\downloads\photos\V5328A1005.jpg,250,300,250,needs_upscale,D:\BIRETOS\projects\biretos-automation\downloads\photos_enhanced\V5328A1005__catalog_placeholder_v1__e791c8c6.jpg,True,False,upscale_then_review
V5328A1013,D:\BIRETOS\projects\biretos-automation\downloads\photos\V5328A1013.jpg,250,300,250,needs_upscale,D:\BIRETOS\projects\biretos-automation\downloads\photos_enhanced\V5328A1013__catalog_placeholder_v1__e791c8c6.jpg,True,False,upscale_then_review
V5328A1047,D:\BIRETOS\projects\biretos-automation\downloads\photos\V5328A1047.jpg,250,300,250,needs_upscale,D:\BIRETOS\projects\biretos-automation\downloads\photos_enhanced\V5328A1047__catalog_placeholder_v1__e791c8c6.jpg,True,False,upscale_then_review
V5328A1088,D:\BIRETOS\projects\biretos-automation\downloads\photos\V5328A1088.jpg,250,300,250,needs_upscale,D:\BIRETOS\projects\biretos-automation\downloads\photos_enhanced\V5328A1088__catalog_placeholder_v1__e791c8c6.jpg,True,False,upscale_then_review
V5328A1112,D:\BIRETOS\projects\biretos-automation\downloads\photos\V5328A1112.jpg,300,300,300,needs_upscale,D:\BIRETOS\projects\biretos-automation\downloads\photos_enhanced\V5328A1112__catalog_placeholder_v1__51b320a3.jpg,True,False,upscale_then_review
V5329A1004,D:\BIRETOS\projects\biretos-automation\downloads\photos\V5329A1004.jpg,680,680,680,good_quality,D:\BIRETOS\projects\biretos-automation\downloads\photos_enhanced\V5329A1004__catalog_placeholder_v1__ba031f94.jpg,True,True,keep_enhanced
V5329A1046,D:\BIRETOS\projects\biretos-automation\downloads\photos\V5329A1046.jpg,680,680,680,good_quality,D:\BIRETOS\projects\biretos-automation\downloads\photos_enhanced\V5329A1046__catalog_placeholder_v1__ba031f94.jpg,True,True,keep_enhanced
V5329A1053,D:\BIRETOS\projects\biretos-automation\downloads\photos\V5329A1053.jpg,223,300,223,needs_upscale,D:\BIRETOS\projects\biretos-automation\downloads\photos_enhanced\V5329A1053__catalog_placeholder_v1__1b2ce898.jpg,True,False,upscale_then_review
V5329C1059,D:\BIRETOS\projects\biretos-automation\downloads\photos\V5329C1059.jpg,501,700,501,good_quality,D:\BIRETOS\projects\biretos-automation\downloads\photos_enhanced\V5329C1059__catalog_placeholder_v1__81c1ab2b.jpg,True,True,keep_enhanced
V5329C1083,D:\BIRETOS\projects\biretos-automation\downloads\photos\V5329C1083.jpg,501,700,501,good_quality,D:\BIRETOS\projects\biretos-automation\downloads\photos_enhanced\V5329C1083__catalog_placeholder_v1__81c1ab2b.jpg,True,True,keep_enhanced
V5421B1090,D:\BIRETOS\projects\biretos-automation\downloads\photos\V5421B1090.jpg,500,500,500,good_quality,D:\BIRETOS\projects\biretos-automation\downloads\photos_enhanced\V5421B1090__catalog_placeholder_v1__c6bb8c9a.jpg,True,True,keep_enhanced
V5832A1046,D:\BIRETOS\projects\biretos-automation\downloads\photos\V5832A1046.jpg,300,300,300,needs_upscale,D:\BIRETOS\projects\biretos-automation\downloads\photos_enhanced\V5832A1046__catalog_placeholder_v1__60858cb0.jpg,True,False,upscale_then_review
VF00-3B65NW,D:\BIRETOS\projects\biretos-automation\downloads\photos\VF00-3B65NW.jpg,500,500,500,good_quality,D:\BIRETOS\projects\biretos-automation\downloads\photos_enhanced\VF00-3B65NW__catalog_placeholder_v1__79388008.jpg,True,True,keep_enhanced
VQ440MB1005,D:\BIRETOS\projects\biretos-automation\downloads\photos\VQ440MB1005.jpg,460,345,345,needs_upscale,D:\BIRETOS\projects\biretos-automation\downloads\photos_enhanced\VQ440MB1005__catalog_placeholder_v1__74ca9542.jpg,True,False,upscale_then_review
VQ450MA1015,D:\BIRETOS\projects\biretos-automation\downloads\photos\VQ450MA1015.jpg,534,400,400,good_quality,D:\BIRETOS\projects\biretos-automation\downloads\photos_enhanced\VQ450MA1015__catalog_placeholder_v1__0b8a68e8.jpg,True,True,keep_enhanced
VQ450MB1006,D:\BIRETOS\projects\biretos-automation\downloads\photos\VQ450MB1006.jpg,750,564,564,good_quality,D:\BIRETOS\projects\biretos-automation\downloads\photos_enhanced\VQ450MB1006__catalog_placeholder_v1__66dbb16f.jpg,True,True,keep_enhanced
VR420AB1002-0000,D:\BIRETOS\projects\biretos-automation\downloads\photos\VR420AB1002-0000.jpg,534,400,400,good_quality,D:\BIRETOS\projects\biretos-automation\downloads\photos_enhanced\VR420AB1002-0000__catalog_placeholder_v1__dde154e0.jpg,True,True,keep_enhanced
VR420VA1004-0000,D:\BIRETOS\projects\biretos-automation\downloads\photos\VR420VA1004-0000.jpg,534,400,400,good_quality,D:\BIRETOS\projects\biretos-automation\downloads\photos_enhanced\VR420VA1004-0000__catalog_placeholder_v1__f8eb582f.jpg,True,True,keep_enhanced
VSOF-320-4.0,D:\BIRETOS\projects\biretos-automation\downloads\photos\VSOF-320-4.0.jpg,600,600,600,good_quality,D:\BIRETOS\projects\biretos-automation\downloads\photos_enhanced\VSOF-320-4.0__catalog_placeholder_v1__c51b566d.jpg,True,True,keep_enhanced
WD19DCS,D:\BIRETOS\projects\biretos-automation\downloads\photos\WD19DCS.jpg,485,1000,485,good_quality,D:\BIRETOS\projects\biretos-automation\downloads\photos_enhanced\WD19DCS__catalog_placeholder_v1__9a2f4414.jpg,True,True,keep_enhanced
X-MAP4P,D:\BIRETOS\projects\biretos-automation\downloads\photos\X-MAP4P.jpg,736,960,736,good_quality,D:\BIRETOS\projects\biretos-automation\downloads\photos_enhanced\X-MAP4P__catalog_placeholder_v1__bcab5a04.jpg,True,True,keep_enhanced
XFLR822A,D:\BIRETOS\projects\biretos-automation\downloads\photos\XFLR822A.jpg,250,45,45,tiny_quarantine,D:\BIRETOS\projects\biretos-automation\downloads\photos_enhanced\XFLR822A__catalog_placeholder_v1__46691998.jpg,True,False,re_search_required
XFLR824A,D:\BIRETOS\projects\biretos-automation\downloads\photos\XFLR824A.jpg,1000,750,750,good_quality,D:\BIRETOS\projects\biretos-automation\downloads\photos_enhanced\XFLR824A__catalog_placeholder_v1__379c316e.jpg,True,True,keep_enhanced
XJ1-00-07000000,D:\BIRETOS\projects\biretos-automation\downloads\photos\XJ1-00-07000000.jpg,600,600,600,good_quality,D:\BIRETOS\projects\biretos-automation\downloads\photos_enhanced\XJ1-00-07000000__catalog_placeholder_v1__36511f40.jpg,True,True,keep_enhanced
XNX-RMAV-RNNNN,D:\BIRETOS\projects\biretos-automation\downloads\photos\XNX-RMAV-RNNNN.jpg,500,500,500,good_quality,D:\BIRETOS\projects\biretos-automation\downloads\photos_enhanced\XNX-RMAV-RNNNN__catalog_placeholder_v1__5c839e3f.jpg,True,True,keep_enhanced
МЕТРОВ,D:\BIRETOS\projects\biretos-automation\downloads\photos\МЕТРОВ.jpg,300,300,300,needs_upscale,,False,False,upscale_then_review
