pid,name,action,lot_size,stock_after,mp_price_after,mp_price_before,mp_price_delta,source_variant_id,sku,published_on_site
287629064,"Вилка 16A, 3P+N+E, IP44 ABB CEW 416 P6 2CMA101967R1000",BASE: keep+update_stock,1,0,,,,500943428,500943428,true
287629064,"Вилка 16A, 3P+N+E, IP44 ABB CEW 416 P6 2CMA101967R1000",BUNDLE: create,2,0,3011.5,2932.6,78.9,500943428,798379651,false
287629064,"Вилка 16A, 3P+N+E, IP44 ABB CEW 416 P6 2CMA101967R1000",BUNDLE: create,3,0,4392.25,4273.9,118.35,500943428,798379650,false
287629064,"Вилка 16A, 3P+N+E, IP44 ABB CEW 416 P6 2CMA101967R1000",DESTROY: old_variant,,,,,,798379651,,
287629064,"Вилка 16A, 3P+N+E, IP44 ABB CEW 416 P6 2CMA101967R1000",DESTROY: old_variant,,,,,,798379650,,
287629095,Фиксатор для цоколя реле CR-M ABB CR-MH 1SVR405659R1000,BASE: keep+update_stock,1,0,,,,500943504,500943504,true
287629095,Фиксатор для цоколя реле CR-M ABB CR-MH 1SVR405659R1000,BUNDLE: create,2,0,425.0,420.0,5.0,500943504,797691795,false
287629095,Фиксатор для цоколя реле CR-M ABB CR-MH 1SVR405659R1000,BUNDLE: create,3,0,512.5,505.0,7.5,500943504,740342321,false
287629095,Фиксатор для цоколя реле CR-M ABB CR-MH 1SVR405659R1000,BUNDLE: create,4,0,600.0,590.0,10.0,500943504,797691793,false
287629095,Фиксатор для цоколя реле CR-M ABB CR-MH 1SVR405659R1000,BUNDLE: create,5,0,687.5,675.0,12.5,500943504,797691792,false
287629095,Фиксатор для цоколя реле CR-M ABB CR-MH 1SVR405659R1000,BUNDLE: create,10,0,1125.0,1100.0,25.0,500943504,740342322,false
287629095,Фиксатор для цоколя реле CR-M ABB CR-MH 1SVR405659R1000,BUNDLE: create,30,0,2875.0,2800.0,75.0,500943504,798287802,false
287629095,Фиксатор для цоколя реле CR-M ABB CR-MH 1SVR405659R1000,BUNDLE: create,100,0,9000.0,8750.0,250.0,500943504,798287800,false
287629095,Фиксатор для цоколя реле CR-M ABB CR-MH 1SVR405659R1000,DESTROY: old_variant,,,,,,797691795,,
287629095,Фиксатор для цоколя реле CR-M ABB CR-MH 1SVR405659R1000,DESTROY: old_variant,,,,,,740342321,,
287629095,Фиксатор для цоколя реле CR-M ABB CR-MH 1SVR405659R1000,DESTROY: old_variant,,,,,,797691793,,
287629095,Фиксатор для цоколя реле CR-M ABB CR-MH 1SVR405659R1000,DESTROY: old_variant,,,,,,797691792,,
287629095,Фиксатор для цоколя реле CR-M ABB CR-MH 1SVR405659R1000,DESTROY: old_variant,,,,,,740342322,,
287629095,Фиксатор для цоколя реле CR-M ABB CR-MH 1SVR405659R1000,DESTROY: old_variant,,,,,,798287802,,
287629095,Фиксатор для цоколя реле CR-M ABB CR-MH 1SVR405659R1000,DESTROY: old_variant,,,,,,798287800,,
287629185,"Дополнительный контакт 1НО+1НЗ, боковой ABB HK-11 (для MS225",BASE: keep+update_stock,1,0,,,,500943610,500943610,true
287629185,"Дополнительный контакт 1НО+1НЗ, боковой ABB HK-11 (для MS225",BUNDLE: create,2,0,3050.0,2970.0,80.0,500943610,798285384,false
287629185,"Дополнительный контакт 1НО+1НЗ, боковой ABB HK-11 (для MS225",DESTROY: old_variant,,,,,,798285384,,
287631050,"Кнопка зеленая без фиксации ABB CP1-30G-01, 1НЗ 1SFA619100R3",BASE: keep+update_stock,1,0,,,,500945869,500945869,true
287631050,"Кнопка зеленая без фиксации ABB CP1-30G-01, 1НЗ 1SFA619100R3",BUNDLE: create,3,0,3373.75,3284.5,89.25,500945869,740325580,false
287631050,"Кнопка зеленая без фиксации ABB CP1-30G-01, 1НЗ 1SFA619100R3",BUNDLE: create,10,0,10662.5,10365.0,297.5,500945869,740325579,false
287631050,"Кнопка зеленая без фиксации ABB CP1-30G-01, 1НЗ 1SFA619100R3",DESTROY: old_variant,,,,,,740325580,,
287631050,"Кнопка зеленая без фиксации ABB CP1-30G-01, 1НЗ 1SFA619100R3",DESTROY: old_variant,,,,,,740325579,,
291119490,Вспомогательный контакт Moeller/EATON ZP-AHK,BASE: keep+update_stock,1,0,,,,505559306,505559306,true
291119490,Вспомогательный контакт Moeller/EATON ZP-AHK,BUNDLE: create,2,0,2094.5,2041.8,52.7,505559306,798285690,false
291119490,Вспомогательный контакт Moeller/EATON ZP-AHK,DESTROY: old_variant,,,,,,798285690,,
424674603,"Лампа накаливания ""Свет"" миниатюрная МН 13.5-0,12 13.5в, 0,1",BASE: keep+update_stock,1,0,,,,705357366,705357366,true
424674603,"Лампа накаливания ""Свет"" миниатюрная МН 13.5-0,12 13.5в, 0,1",BUNDLE: create,2,0,355.0,352.0,3.0,705357366,792958188,false
424674603,"Лампа накаливания ""Свет"" миниатюрная МН 13.5-0,12 13.5в, 0,1",BUNDLE: create,3,0,407.5,403.0,4.5,705357366,740073209,false
424674603,"Лампа накаливания ""Свет"" миниатюрная МН 13.5-0,12 13.5в, 0,1",BUNDLE: create,4,0,460.0,454.0,6.0,705357366,792958187,false
424674603,"Лампа накаливания ""Свет"" миниатюрная МН 13.5-0,12 13.5в, 0,1",BUNDLE: create,5,0,512.5,505.0,7.5,705357366,792958186,false
424674603,"Лампа накаливания ""Свет"" миниатюрная МН 13.5-0,12 13.5в, 0,1",BUNDLE: create,10,0,775.0,760.0,15.0,705357366,740011400,false
424674603,"Лампа накаливания ""Свет"" миниатюрная МН 13.5-0,12 13.5в, 0,1",BUNDLE: create,30,0,1825.0,1780.0,45.0,705357366,740073208,false
424674603,"Лампа накаливания ""Свет"" миниатюрная МН 13.5-0,12 13.5в, 0,1",BUNDLE: create,100,0,5500.0,5350.0,150.0,705357366,740011401,false
424674603,"Лампа накаливания ""Свет"" миниатюрная МН 13.5-0,12 13.5в, 0,1",DESTROY: old_variant,,,,,,792958188,,
424674603,"Лампа накаливания ""Свет"" миниатюрная МН 13.5-0,12 13.5в, 0,1",DESTROY: old_variant,,,,,,740073209,,
424674603,"Лампа накаливания ""Свет"" миниатюрная МН 13.5-0,12 13.5в, 0,1",DESTROY: old_variant,,,,,,792958187,,
424674603,"Лампа накаливания ""Свет"" миниатюрная МН 13.5-0,12 13.5в, 0,1",DESTROY: old_variant,,,,,,792958186,,
424674603,"Лампа накаливания ""Свет"" миниатюрная МН 13.5-0,12 13.5в, 0,1",DESTROY: old_variant,,,,,,740011400,,
424674603,"Лампа накаливания ""Свет"" миниатюрная МН 13.5-0,12 13.5в, 0,1",DESTROY: old_variant,,,,,,740073208,,
424674603,"Лампа накаливания ""Свет"" миниатюрная МН 13.5-0,12 13.5в, 0,1",DESTROY: old_variant,,,,,,740011401,,
426709913,"Лампа ртутная высокого давления Лисма ДРЛ 400 220в, 400Вт, ц",BASE: keep+update_stock,1,0,,,,709279790,709279790,true
426709913,"Лампа ртутная высокого давления Лисма ДРЛ 400 220в, 400Вт, ц",BUNDLE: create,2,0,1300.0,1270.0,30.0,709279790,782800237,false
426709913,"Лампа ртутная высокого давления Лисма ДРЛ 400 220в, 400Вт, ц",BUNDLE: create,3,0,1825.0,1780.0,45.0,709279790,782800231,false
426709913,"Лампа ртутная высокого давления Лисма ДРЛ 400 220в, 400Вт, ц",BUNDLE: create,5,0,2875.0,2800.0,75.0,709279790,782800228,false
426709913,"Лампа ртутная высокого давления Лисма ДРЛ 400 220в, 400Вт, ц",BUNDLE: create,10,0,5500.0,5350.0,150.0,709279790,782800226,false
426709913,"Лампа ртутная высокого давления Лисма ДРЛ 400 220в, 400Вт, ц",DESTROY: old_variant,,,,,,782800237,,
426709913,"Лампа ртутная высокого давления Лисма ДРЛ 400 220в, 400Вт, ц",DESTROY: old_variant,,,,,,782800231,,
426709913,"Лампа ртутная высокого давления Лисма ДРЛ 400 220в, 400Вт, ц",DESTROY: old_variant,,,,,,782800228,,
426709913,"Лампа ртутная высокого давления Лисма ДРЛ 400 220в, 400Вт, ц",DESTROY: old_variant,,,,,,782800226,,
427819346,"Лампа накаливания железнодорожная Лисма Ж 110-15 110в, 15Вт,",BASE: keep+update_stock,1,0,,,,711278192,711278192,true
427819346,"Лампа накаливания железнодорожная Лисма Ж 110-15 110в, 15Вт,",BUNDLE: create,2,0,565.0,556.0,9.0,711278192,792607940,false
427819346,"Лампа накаливания железнодорожная Лисма Ж 110-15 110в, 15Вт,",BUNDLE: create,3,0,722.5,709.0,13.5,711278192,740159506,false
427819346,"Лампа накаливания железнодорожная Лисма Ж 110-15 110в, 15Вт,",BUNDLE: create,5,0,1037.5,1015.0,22.5,711278192,792607938,false
427819346,"Лампа накаливания железнодорожная Лисма Ж 110-15 110в, 15Вт,",BUNDLE: create,10,0,1825.0,1780.0,45.0,711278192,740159505,false
427819346,"Лампа накаливания железнодорожная Лисма Ж 110-15 110в, 15Вт,",DESTROY: old_variant,,,,,,792607940,,
427819346,"Лампа накаливания железнодорожная Лисма Ж 110-15 110в, 15Вт,",DESTROY: old_variant,,,,,,740159506,,
427819346,"Лампа накаливания железнодорожная Лисма Ж 110-15 110в, 15Вт,",DESTROY: old_variant,,,,,,792607938,,
427819346,"Лампа накаливания железнодорожная Лисма Ж 110-15 110в, 15Вт,",DESTROY: old_variant,,,,,,740159505,,
429061310,"Лампа накаливания Судовая Лисма С 220-25-1Н 25Вт, 220В, Е27",BASE: keep+update_stock,1,0,,,,713426427,713426427,true
429061310,"Лампа накаливания Судовая Лисма С 220-25-1Н 25Вт, 220В, Е27",BUNDLE: create,2,0,477.5,471.0,6.5,713426427,792612675,false
429061310,"Лампа накаливания Судовая Лисма С 220-25-1Н 25Вт, 220В, Е27",BUNDLE: create,3,0,591.25,581.5,9.75,713426427,740183040,false
429061310,"Лампа накаливания Судовая Лисма С 220-25-1Н 25Вт, 220В, Е27",BUNDLE: create,5,0,818.75,802.5,16.25,713426427,792612674,false
429061310,"Лампа накаливания Судовая Лисма С 220-25-1Н 25Вт, 220В, Е27",BUNDLE: create,10,0,1387.5,1355.0,32.5,713426427,740183044,false
429061310,"Лампа накаливания Судовая Лисма С 220-25-1Н 25Вт, 220В, Е27",DESTROY: old_variant,,,,,,792612675,,
429061310,"Лампа накаливания Судовая Лисма С 220-25-1Н 25Вт, 220В, Е27",DESTROY: old_variant,,,,,,740183040,,
429061310,"Лампа накаливания Судовая Лисма С 220-25-1Н 25Вт, 220В, Е27",DESTROY: old_variant,,,,,,792612674,,
429061310,"Лампа накаливания Судовая Лисма С 220-25-1Н 25Вт, 220В, Е27",DESTROY: old_variant,,,,,,740183044,,
429062863,"Лампа накаливания Судовая Лисма С 127-60-1 60Вт, 127В, Е 27",BASE: keep+update_stock,1,0,,,,713430783,713430783,true
429062863,"Лампа накаливания Судовая Лисма С 127-60-1 60Вт, 127В, Е 27",BUNDLE: create,2,0,495.0,488.0,7.0,713430783,792611379,false
429062863,"Лампа накаливания Судовая Лисма С 127-60-1 60Вт, 127В, Е 27",BUNDLE: create,3,0,617.5,607.0,10.5,713430783,740181977,false
429062863,"Лампа накаливания Судовая Лисма С 127-60-1 60Вт, 127В, Е 27",BUNDLE: create,5,0,862.5,845.0,17.5,713430783,792611377,false
429062863,"Лампа накаливания Судовая Лисма С 127-60-1 60Вт, 127В, Е 27",BUNDLE: create,10,0,1475.0,1440.0,35.0,713430783,740181976,false
429062863,"Лампа накаливания Судовая Лисма С 127-60-1 60Вт, 127В, Е 27",DESTROY: old_variant,,,,,,792611379,,
429062863,"Лампа накаливания Судовая Лисма С 127-60-1 60Вт, 127В, Е 27",DESTROY: old_variant,,,,,,740181977,,
429062863,"Лампа накаливания Судовая Лисма С 127-60-1 60Вт, 127В, Е 27",DESTROY: old_variant,,,,,,792611377,,
429062863,"Лампа накаливания Судовая Лисма С 127-60-1 60Вт, 127В, Е 27",DESTROY: old_variant,,,,,,740181976,,
429065008,"Лампа накаливания Судовая Лисма С 24-60-1Н 60Вт, 24В, Е 27",BASE: keep+update_stock,1,0,,,,713436056,713436056,true
429065008,"Лампа накаливания Судовая Лисма С 24-60-1Н 60Вт, 24В, Е 27",BUNDLE: create,2,0,600.0,590.0,10.0,713436056,792624222,false
429065008,"Лампа накаливания Судовая Лисма С 24-60-1Н 60Вт, 24В, Е 27",BUNDLE: create,3,0,775.0,760.0,15.0,713436056,740183387,false
429065008,"Лампа накаливания Судовая Лисма С 24-60-1Н 60Вт, 24В, Е 27",BUNDLE: create,5,0,1125.0,1100.0,25.0,713436056,792624220,false
429065008,"Лампа накаливания Судовая Лисма С 24-60-1Н 60Вт, 24В, Е 27",BUNDLE: create,10,0,2000.0,1950.0,50.0,713436056,740183385,false
429065008,"Лампа накаливания Судовая Лисма С 24-60-1Н 60Вт, 24В, Е 27",DESTROY: old_variant,,,,,,792624222,,
429065008,"Лампа накаливания Судовая Лисма С 24-60-1Н 60Вт, 24В, Е 27",DESTROY: old_variant,,,,,,740183387,,
429065008,"Лампа накаливания Судовая Лисма С 24-60-1Н 60Вт, 24В, Е 27",DESTROY: old_variant,,,,,,792624220,,
429065008,"Лампа накаливания Судовая Лисма С 24-60-1Н 60Вт, 24В, Е 27",DESTROY: old_variant,,,,,,740183385,,
429188223,"Лампа коммутаторная светодиодная Красная СКЛ 2В-К-1-220, 220",BASE: keep+update_stock,1,0,,,,713635695,713635695,true
429188223,"Лампа коммутаторная светодиодная Красная СКЛ 2В-К-1-220, 220",BUNDLE: create,2,0,1020.0,998.0,22.0,713635695,798282172,false
429188223,"Лампа коммутаторная светодиодная Красная СКЛ 2В-К-1-220, 220",BUNDLE: create,3,0,1405.0,1372.0,33.0,713635695,798282171,false
429188223,"Лампа коммутаторная светодиодная Красная СКЛ 2В-К-1-220, 220",BUNDLE: create,4,0,1790.0,1746.0,44.0,713635695,798282170,false
429188223,"Лампа коммутаторная светодиодная Красная СКЛ 2В-К-1-220, 220",BUNDLE: create,5,0,2175.0,2120.0,55.0,713635695,798282169,false
429188223,"Лампа коммутаторная светодиодная Красная СКЛ 2В-К-1-220, 220",DESTROY: old_variant,,,,,,798282172,,
429188223,"Лампа коммутаторная светодиодная Красная СКЛ 2В-К-1-220, 220",DESTROY: old_variant,,,,,,798282171,,
429188223,"Лампа коммутаторная светодиодная Красная СКЛ 2В-К-1-220, 220",DESTROY: old_variant,,,,,,798282170,,
429188223,"Лампа коммутаторная светодиодная Красная СКЛ 2В-К-1-220, 220",DESTROY: old_variant,,,,,,798282169,,
429208670,"Лампа коммутаторная светодиодная Красная СКЛ 11.2-ВКМ-1-220,",BASE: keep+update_stock,1,0,,,,713683843,713683843,true
429208670,"Лампа коммутаторная светодиодная Красная СКЛ 11.2-ВКМ-1-220,",BUNDLE: create,2,0,1020.0,998.0,22.0,713683843,798282179,false
429208670,"Лампа коммутаторная светодиодная Красная СКЛ 11.2-ВКМ-1-220,",BUNDLE: create,3,0,1405.0,1372.0,33.0,713683843,798282178,false
429208670,"Лампа коммутаторная светодиодная Красная СКЛ 11.2-ВКМ-1-220,",BUNDLE: create,4,0,1790.0,1746.0,44.0,713683843,798282177,false
429208670,"Лампа коммутаторная светодиодная Красная СКЛ 11.2-ВКМ-1-220,",BUNDLE: create,5,0,2175.0,2120.0,55.0,713683843,798282176,false
429208670,"Лампа коммутаторная светодиодная Красная СКЛ 11.2-ВКМ-1-220,",DESTROY: old_variant,,,,,,798282179,,
429208670,"Лампа коммутаторная светодиодная Красная СКЛ 11.2-ВКМ-1-220,",DESTROY: old_variant,,,,,,798282178,,
429208670,"Лампа коммутаторная светодиодная Красная СКЛ 11.2-ВКМ-1-220,",DESTROY: old_variant,,,,,,798282177,,
429208670,"Лампа коммутаторная светодиодная Красная СКЛ 11.2-ВКМ-1-220,",DESTROY: old_variant,,,,,,798282176,,
430054556,"Лампа накаливания Лисма РН 120-15, 120В 15Вт, B15d, d26х52мм",BASE: keep+update_stock,1,0,,,,714836485,714836485,true
430054556,"Лампа накаливания Лисма РН 120-15, 120В 15Вт, B15d, d26х52мм",BUNDLE: create,2,0,460.0,454.0,6.0,714836485,792628879,false
430054556,"Лампа накаливания Лисма РН 120-15, 120В 15Вт, B15d, d26х52мм",BUNDLE: create,3,0,565.0,556.0,9.0,714836485,740184718,false
430054556,"Лампа накаливания Лисма РН 120-15, 120В 15Вт, B15d, d26х52мм",BUNDLE: create,5,0,775.0,760.0,15.0,714836485,792628878,false
430054556,"Лампа накаливания Лисма РН 120-15, 120В 15Вт, B15d, d26х52мм",BUNDLE: create,10,0,1300.0,1270.0,30.0,714836485,740184717,false
430054556,"Лампа накаливания Лисма РН 120-15, 120В 15Вт, B15d, d26х52мм",DESTROY: old_variant,,,,,,792628879,,
430054556,"Лампа накаливания Лисма РН 120-15, 120В 15Вт, B15d, d26х52мм",DESTROY: old_variant,,,,,,740184718,,
430054556,"Лампа накаливания Лисма РН 120-15, 120В 15Вт, B15d, d26х52мм",DESTROY: old_variant,,,,,,792628878,,
430054556,"Лампа накаливания Лисма РН 120-15, 120В 15Вт, B15d, d26х52мм",DESTROY: old_variant,,,,,,740184717,,
430059515,"Лампа накаливания Бэлз РН 110-15, 110В, 15Вт, b15d",BASE: keep+update_stock,1,0,,,,714846829,714846829,true
430059515,"Лампа накаливания Бэлз РН 110-15, 110В, 15Вт, b15d",BUNDLE: create,2,0,530.0,522.0,8.0,714846829,792629122,false
430059515,"Лампа накаливания Бэлз РН 110-15, 110В, 15Вт, b15d",BUNDLE: create,3,0,670.0,658.0,12.0,714846829,740184839,false
430059515,"Лампа накаливания Бэлз РН 110-15, 110В, 15Вт, b15d",BUNDLE: create,5,0,950.0,930.0,20.0,714846829,792629120,false
430059515,"Лампа накаливания Бэлз РН 110-15, 110В, 15Вт, b15d",BUNDLE: create,10,0,1650.0,1610.0,40.0,714846829,740184838,false
430059515,"Лампа накаливания Бэлз РН 110-15, 110В, 15Вт, b15d",DESTROY: old_variant,,,,,,792629122,,
430059515,"Лампа накаливания Бэлз РН 110-15, 110В, 15Вт, b15d",DESTROY: old_variant,,,,,,740184839,,
430059515,"Лампа накаливания Бэлз РН 110-15, 110В, 15Вт, b15d",DESTROY: old_variant,,,,,,792629120,,
430059515,"Лампа накаливания Бэлз РН 110-15, 110В, 15Вт, b15d",DESTROY: old_variant,,,,,,740184838,,
430063683,"Лампа накаливания Бэлз С 220-150, 220В, 150Вт, Е 27",BASE: keep+update_stock,1,0,,,,714860172,714860172,true
430063683,"Лампа накаливания Бэлз С 220-150, 220В, 150Вт, Е 27",BUNDLE: create,2,0,460.0,454.0,6.0,714860172,792613065,false
430063683,"Лампа накаливания Бэлз С 220-150, 220В, 150Вт, Е 27",BUNDLE: create,3,0,565.0,556.0,9.0,714860172,792613063,false
430063683,"Лампа накаливания Бэлз С 220-150, 220В, 150Вт, Е 27",BUNDLE: create,5,0,775.0,760.0,15.0,714860172,792613062,false
430063683,"Лампа накаливания Бэлз С 220-150, 220В, 150Вт, Е 27",BUNDLE: create,10,0,1300.0,1270.0,30.0,714860172,792613059,false
430063683,"Лампа накаливания Бэлз С 220-150, 220В, 150Вт, Е 27",DESTROY: old_variant,,,,,,792613065,,
430063683,"Лампа накаливания Бэлз С 220-150, 220В, 150Вт, Е 27",DESTROY: old_variant,,,,,,792613063,,
430063683,"Лампа накаливания Бэлз С 220-150, 220В, 150Вт, Е 27",DESTROY: old_variant,,,,,,792613062,,
430063683,"Лампа накаливания Бэлз С 220-150, 220В, 150Вт, Е 27",DESTROY: old_variant,,,,,,792613059,,
430066857,"Лампа накаливания Лисма С 220-40-1 40Вт, 220В, b22d (3314602",BASE: keep+update_stock,1,0,,,,714864400,714864400,true
430066857,"Лампа накаливания Лисма С 220-40-1 40Вт, 220В, b22d (3314602",BUNDLE: create,2,0,600.0,590.0,10.0,714864400,792615411,false
430066857,"Лампа накаливания Лисма С 220-40-1 40Вт, 220В, b22d (3314602",BUNDLE: create,3,0,775.0,760.0,15.0,714864400,740159740,false
430066857,"Лампа накаливания Лисма С 220-40-1 40Вт, 220В, b22d (3314602",BUNDLE: create,5,0,1125.0,1100.0,25.0,714864400,792615408,false
430066857,"Лампа накаливания Лисма С 220-40-1 40Вт, 220В, b22d (3314602",BUNDLE: create,10,0,2000.0,1950.0,50.0,714864400,740159738,false
430066857,"Лампа накаливания Лисма С 220-40-1 40Вт, 220В, b22d (3314602",DESTROY: old_variant,,,,,,792615411,,
430066857,"Лампа накаливания Лисма С 220-40-1 40Вт, 220В, b22d (3314602",DESTROY: old_variant,,,,,,740159740,,
430066857,"Лампа накаливания Лисма С 220-40-1 40Вт, 220В, b22d (3314602",DESTROY: old_variant,,,,,,792615408,,
430066857,"Лампа накаливания Лисма С 220-40-1 40Вт, 220В, b22d (3314602",DESTROY: old_variant,,,,,,740159738,,
430067310,"Лампа накаливания Бэлз Ц 215-225-10-2, 220В, 10Вт, b15d",BASE: keep+update_stock,1,0,,,,714864951,714864951,true
430067310,"Лампа накаливания Бэлз Ц 215-225-10-2, 220В, 10Вт, b15d",BUNDLE: create,2,0,495.0,488.0,7.0,714864951,792628058,false
430067310,"Лампа накаливания Бэлз Ц 215-225-10-2, 220В, 10Вт, b15d",BUNDLE: create,3,0,617.5,607.0,10.5,714864951,740184290,false
430067310,"Лампа накаливания Бэлз Ц 215-225-10-2, 220В, 10Вт, b15d",BUNDLE: create,5,0,862.5,845.0,17.5,714864951,792628057,false
430067310,"Лампа накаливания Бэлз Ц 215-225-10-2, 220В, 10Вт, b15d",BUNDLE: create,10,0,1475.0,1440.0,35.0,714864951,740184288,false
430067310,"Лампа накаливания Бэлз Ц 215-225-10-2, 220В, 10Вт, b15d",DESTROY: old_variant,,,,,,792628058,,
430067310,"Лампа накаливания Бэлз Ц 215-225-10-2, 220В, 10Вт, b15d",DESTROY: old_variant,,,,,,740184290,,
430067310,"Лампа накаливания Бэлз Ц 215-225-10-2, 220В, 10Вт, b15d",DESTROY: old_variant,,,,,,792628057,,
430067310,"Лампа накаливания Бэлз Ц 215-225-10-2, 220В, 10Вт, b15d",DESTROY: old_variant,,,,,,740184288,,
430069154,"Лампа накаливания цилиндрическая Лисма Ц 220-230-10, 10Вт, 2",BASE: keep+update_stock,1,0,,,,714867242,714867242,true
430069154,"Лампа накаливания цилиндрическая Лисма Ц 220-230-10, 10Вт, 2",BUNDLE: create,2,0,530.0,522.0,8.0,714867242,792606757,false
430069154,"Лампа накаливания цилиндрическая Лисма Ц 220-230-10, 10Вт, 2",BUNDLE: create,3,0,670.0,658.0,12.0,714867242,740162595,false
430069154,"Лампа накаливания цилиндрическая Лисма Ц 220-230-10, 10Вт, 2",BUNDLE: create,5,0,950.0,930.0,20.0,714867242,792606756,false
430069154,"Лампа накаливания цилиндрическая Лисма Ц 220-230-10, 10Вт, 2",BUNDLE: create,10,0,1650.0,1610.0,40.0,714867242,740162594,false
430069154,"Лампа накаливания цилиндрическая Лисма Ц 220-230-10, 10Вт, 2",DESTROY: old_variant,,,,,,792606757,,
430069154,"Лампа накаливания цилиндрическая Лисма Ц 220-230-10, 10Вт, 2",DESTROY: old_variant,,,,,,740162595,,
430069154,"Лампа накаливания цилиндрическая Лисма Ц 220-230-10, 10Вт, 2",DESTROY: old_variant,,,,,,792606756,,
430069154,"Лампа накаливания цилиндрическая Лисма Ц 220-230-10, 10Вт, 2",DESTROY: old_variant,,,,,,740162594,,
430069822,"Лампа накаливания Судовая Лисма С 127-60-1-Н 60Вт, 127В, Е 2",BASE: keep+update_stock,1,0,,,,714868140,714868140,true
430069822,"Лампа накаливания Судовая Лисма С 127-60-1-Н 60Вт, 127В, Е 2",BUNDLE: create,2,0,495.0,488.0,7.0,714868140,792612136,false
430069822,"Лампа накаливания Судовая Лисма С 127-60-1-Н 60Вт, 127В, Е 2",BUNDLE: create,3,0,617.5,607.0,10.5,714868140,740182944,false
430069822,"Лампа накаливания Судовая Лисма С 127-60-1-Н 60Вт, 127В, Е 2",BUNDLE: create,5,0,862.5,845.0,17.5,714868140,792612133,false
430069822,"Лампа накаливания Судовая Лисма С 127-60-1-Н 60Вт, 127В, Е 2",BUNDLE: create,10,0,1475.0,1440.0,35.0,714868140,792612129,false
430069822,"Лампа накаливания Судовая Лисма С 127-60-1-Н 60Вт, 127В, Е 2",DESTROY: old_variant,,,,,,792612136,,
430069822,"Лампа накаливания Судовая Лисма С 127-60-1-Н 60Вт, 127В, Е 2",DESTROY: old_variant,,,,,,740182944,,
430069822,"Лампа накаливания Судовая Лисма С 127-60-1-Н 60Вт, 127В, Е 2",DESTROY: old_variant,,,,,,792612133,,
430069822,"Лампа накаливания Судовая Лисма С 127-60-1-Н 60Вт, 127В, Е 2",DESTROY: old_variant,,,,,,792612129,,
431059468,"Лампа накаливания железнодорожная Лисма ЖС 12-15+15 12в, 15В",BASE: keep+update_stock,1,0,,,,716312988,716312988,true
431059468,"Лампа накаливания железнодорожная Лисма ЖС 12-15+15 12в, 15В",BUNDLE: create,2,0,775.0,760.0,15.0,716312988,792615055,false
431059468,"Лампа накаливания железнодорожная Лисма ЖС 12-15+15 12в, 15В",BUNDLE: create,3,0,1037.5,1015.0,22.5,716312988,740181939,false
431059468,"Лампа накаливания железнодорожная Лисма ЖС 12-15+15 12в, 15В",BUNDLE: create,5,0,1562.5,1525.0,37.5,716312988,792615054,false
431059468,"Лампа накаливания железнодорожная Лисма ЖС 12-15+15 12в, 15В",BUNDLE: create,10,0,2875.0,2800.0,75.0,716312988,740181940,false
431059468,"Лампа накаливания железнодорожная Лисма ЖС 12-15+15 12в, 15В",DESTROY: old_variant,,,,,,792615055,,
431059468,"Лампа накаливания железнодорожная Лисма ЖС 12-15+15 12в, 15В",DESTROY: old_variant,,,,,,740181939,,
431059468,"Лампа накаливания железнодорожная Лисма ЖС 12-15+15 12в, 15В",DESTROY: old_variant,,,,,,792615054,,
431059468,"Лампа накаливания железнодорожная Лисма ЖС 12-15+15 12в, 15В",DESTROY: old_variant,,,,,,740181940,,
431059738,"Излучатель тепловой Лисма Т 220-230-300-2 220-230в, 300Вт, Е",BASE: keep+update_stock,1,0,,,,716313887,716313887,true
431059738,"Излучатель тепловой Лисма Т 220-230-300-2 220-230в, 300Вт, Е",BUNDLE: create,3,0,880.0,862.0,18.0,716313887,740098075,false
431059738,"Излучатель тепловой Лисма Т 220-230-300-2 220-230в, 300Вт, Е",BUNDLE: create,10,0,2350.0,2290.0,60.0,716313887,740098074,false
431059738,"Излучатель тепловой Лисма Т 220-230-300-2 220-230в, 300Вт, Е",BUNDLE: create,30,0,6550.0,6370.0,180.0,716313887,740098073,false
431059738,"Излучатель тепловой Лисма Т 220-230-300-2 220-230в, 300Вт, Е",BUNDLE: create,100,0,21250.0,20650.0,600.0,716313887,740098072,false
431059738,"Излучатель тепловой Лисма Т 220-230-300-2 220-230в, 300Вт, Е",DESTROY: old_variant,,,,,,740098075,,
431059738,"Излучатель тепловой Лисма Т 220-230-300-2 220-230в, 300Вт, Е",DESTROY: old_variant,,,,,,740098074,,
431059738,"Излучатель тепловой Лисма Т 220-230-300-2 220-230в, 300Вт, Е",DESTROY: old_variant,,,,,,740098073,,
431059738,"Излучатель тепловой Лисма Т 220-230-300-2 220-230в, 300Вт, Е",DESTROY: old_variant,,,,,,740098072,,
431076976,"Лампа накаливания самолётная Бэлз СМ 28-10, 28В, 10Вт, b15d/",BASE: keep+update_stock,1,0,,,,716338891,716338891,true
431076976,"Лампа накаливания самолётная Бэлз СМ 28-10, 28В, 10Вт, b15d/",BUNDLE: create,2,0,530.0,522.0,8.0,716338891,792607630,false
431076976,"Лампа накаливания самолётная Бэлз СМ 28-10, 28В, 10Вт, b15d/",BUNDLE: create,3,0,670.0,658.0,12.0,716338891,740181723,false
431076976,"Лампа накаливания самолётная Бэлз СМ 28-10, 28В, 10Вт, b15d/",BUNDLE: create,5,0,950.0,930.0,20.0,716338891,792607629,false
431076976,"Лампа накаливания самолётная Бэлз СМ 28-10, 28В, 10Вт, b15d/",BUNDLE: create,10,0,1650.0,1610.0,40.0,716338891,740181722,false
431076976,"Лампа накаливания самолётная Бэлз СМ 28-10, 28В, 10Вт, b15d/",DESTROY: old_variant,,,,,,792607630,,
431076976,"Лампа накаливания самолётная Бэлз СМ 28-10, 28В, 10Вт, b15d/",DESTROY: old_variant,,,,,,740181723,,
431076976,"Лампа накаливания самолётная Бэлз СМ 28-10, 28В, 10Вт, b15d/",DESTROY: old_variant,,,,,,792607629,,
431076976,"Лампа накаливания самолётная Бэлз СМ 28-10, 28В, 10Вт, b15d/",DESTROY: old_variant,,,,,,740181722,,
431077471,"Лампа накаливания прожекторная Лисма ПЖ 220-1000-2 220в, 100",BASE: keep+update_stock,1,0,,,,716339547,716339547,true
431077471,"Лампа накаливания прожекторная Лисма ПЖ 220-1000-2 220в, 100",BUNDLE: create,3,0,5762.5,5605.0,157.5,716339547,740160044,false
431077471,"Лампа накаливания прожекторная Лисма ПЖ 220-1000-2 220в, 100",BUNDLE: create,10,0,18625.0,18100.0,525.0,716339547,740160043,false
431077471,"Лампа накаливания прожекторная Лисма ПЖ 220-1000-2 220в, 100",DESTROY: old_variant,,,,,,740160044,,
431077471,"Лампа накаливания прожекторная Лисма ПЖ 220-1000-2 220в, 100",DESTROY: old_variant,,,,,,740160043,,
431077979,"Лампа накаливания Судовая Лисма С 24-25-1 25Вт, 24В, b22d, (",BASE: keep+update_stock,1,0,,,,716340219,716340219,true
431077979,"Лампа накаливания Судовая Лисма С 24-25-1 25Вт, 24В, b22d, (",BUNDLE: create,2,0,775.0,760.0,15.0,716340219,792606538,false
431077979,"Лампа накаливания Судовая Лисма С 24-25-1 25Вт, 24В, b22d, (",BUNDLE: create,3,0,1037.5,1015.0,22.5,716340219,792606536,false
431077979,"Лампа накаливания Судовая Лисма С 24-25-1 25Вт, 24В, b22d, (",BUNDLE: create,5,0,1562.5,1525.0,37.5,716340219,792606534,false
431077979,"Лампа накаливания Судовая Лисма С 24-25-1 25Вт, 24В, b22d, (",BUNDLE: create,10,0,2875.0,2800.0,75.0,716340219,792606531,false
431077979,"Лампа накаливания Судовая Лисма С 24-25-1 25Вт, 24В, b22d, (",DESTROY: old_variant,,,,,,792606538,,
431077979,"Лампа накаливания Судовая Лисма С 24-25-1 25Вт, 24В, b22d, (",DESTROY: old_variant,,,,,,792606536,,
431077979,"Лампа накаливания Судовая Лисма С 24-25-1 25Вт, 24В, b22d, (",DESTROY: old_variant,,,,,,792606534,,
431077979,"Лампа накаливания Судовая Лисма С 24-25-1 25Вт, 24В, b22d, (",DESTROY: old_variant,,,,,,792606531,,
431078231,"Лампа накаливания Селз С Ц 235-245-10, 10Вт, 235-245В, Е 27",BASE: keep+update_stock,1,0,,,,716342144,716342144,true
431078231,"Лампа накаливания Селз С Ц 235-245-10, 10Вт, 235-245В, Е 27",BUNDLE: create,2,0,530.0,522.0,8.0,716342144,792623372,false
431078231,"Лампа накаливания Селз С Ц 235-245-10, 10Вт, 235-245В, Е 27",BUNDLE: create,3,0,670.0,658.0,12.0,716342144,740157635,false
431078231,"Лампа накаливания Селз С Ц 235-245-10, 10Вт, 235-245В, Е 27",BUNDLE: create,5,0,950.0,930.0,20.0,716342144,792623366,false
431078231,"Лампа накаливания Селз С Ц 235-245-10, 10Вт, 235-245В, Е 27",BUNDLE: create,10,0,1650.0,1610.0,40.0,716342144,740157633,false
431078231,"Лампа накаливания Селз С Ц 235-245-10, 10Вт, 235-245В, Е 27",DESTROY: old_variant,,,,,,792623372,,
431078231,"Лампа накаливания Селз С Ц 235-245-10, 10Вт, 235-245В, Е 27",DESTROY: old_variant,,,,,,740157635,,
431078231,"Лампа накаливания Селз С Ц 235-245-10, 10Вт, 235-245В, Е 27",DESTROY: old_variant,,,,,,792623366,,
431078231,"Лампа накаливания Селз С Ц 235-245-10, 10Вт, 235-245В, Е 27",DESTROY: old_variant,,,,,,740157633,,
431078569,"Лампа накаливания Судовая Лисма С 24-40-1Н 40Вт, 24В, Е 27Н",BASE: keep+update_stock,1,0,,,,716342708,716342708,true
431078569,"Лампа накаливания Судовая Лисма С 24-40-1Н 40Вт, 24В, Е 27Н",BUNDLE: create,2,0,530.0,522.0,8.0,716342708,792626589,false
431078569,"Лампа накаливания Судовая Лисма С 24-40-1Н 40Вт, 24В, Е 27Н",BUNDLE: create,3,0,670.0,658.0,12.0,716342708,792626588,false
431078569,"Лампа накаливания Судовая Лисма С 24-40-1Н 40Вт, 24В, Е 27Н",BUNDLE: create,5,0,950.0,930.0,20.0,716342708,792626586,false
431078569,"Лампа накаливания Судовая Лисма С 24-40-1Н 40Вт, 24В, Е 27Н",BUNDLE: create,10,0,1650.0,1610.0,40.0,716342708,792626584,false
431078569,"Лампа накаливания Судовая Лисма С 24-40-1Н 40Вт, 24В, Е 27Н",DESTROY: old_variant,,,,,,792626589,,
431078569,"Лампа накаливания Судовая Лисма С 24-40-1Н 40Вт, 24В, Е 27Н",DESTROY: old_variant,,,,,,792626588,,
431078569,"Лампа накаливания Судовая Лисма С 24-40-1Н 40Вт, 24В, Е 27Н",DESTROY: old_variant,,,,,,792626586,,
431078569,"Лампа накаливания Судовая Лисма С 24-40-1Н 40Вт, 24В, Е 27Н",DESTROY: old_variant,,,,,,792626584,,
431336994,"Лампа накаливания Лисма Б 125-135-95, 125-135В, 95Вт, Е 27",BASE: keep+update_stock,1,0,,,,716684169,716684169,true
431336994,"Лампа накаливания Лисма Б 125-135-95, 125-135В, 95Вт, Е 27",BUNDLE: create,2,0,460.0,454.0,6.0,716684169,792635575,false
431336994,"Лампа накаливания Лисма Б 125-135-95, 125-135В, 95Вт, Е 27",BUNDLE: create,3,0,565.0,556.0,9.0,716684169,792600381,false
431336994,"Лампа накаливания Лисма Б 125-135-95, 125-135В, 95Вт, Е 27",BUNDLE: create,5,0,775.0,760.0,15.0,716684169,792635574,false
431336994,"Лампа накаливания Лисма Б 125-135-95, 125-135В, 95Вт, Е 27",BUNDLE: create,10,0,1300.0,1270.0,30.0,716684169,792600380,false
431336994,"Лампа накаливания Лисма Б 125-135-95, 125-135В, 95Вт, Е 27",DESTROY: old_variant,,,,,,792635575,,
431336994,"Лампа накаливания Лисма Б 125-135-95, 125-135В, 95Вт, Е 27",DESTROY: old_variant,,,,,,792600381,,
431336994,"Лампа накаливания Лисма Б 125-135-95, 125-135В, 95Вт, Е 27",DESTROY: old_variant,,,,,,792635574,,
431336994,"Лампа накаливания Лисма Б 125-135-95, 125-135В, 95Вт, Е 27",DESTROY: old_variant,,,,,,792600380,,
467212453,"Лампа коммутаторная светодиодная красная СКЛ 16К-2-24, 24в, ",BASE: keep+update_stock,1,0,,,,778195074,778195074,true
467212453,"Лампа коммутаторная светодиодная красная СКЛ 16К-2-24, 24в, ",BUNDLE: create,2,0,1090.0,1066.0,24.0,778195074,798280715,false
467212453,"Лампа коммутаторная светодиодная красная СКЛ 16К-2-24, 24в, ",BUNDLE: create,3,0,1510.0,1474.0,36.0,778195074,798280714,false
467212453,"Лампа коммутаторная светодиодная красная СКЛ 16К-2-24, 24в, ",BUNDLE: create,4,0,1930.0,1882.0,48.0,778195074,798280713,false
467212453,"Лампа коммутаторная светодиодная красная СКЛ 16К-2-24, 24в, ",BUNDLE: create,5,0,2350.0,2290.0,60.0,778195074,798280711,false
467212453,"Лампа коммутаторная светодиодная красная СКЛ 16К-2-24, 24в, ",DESTROY: old_variant,,,,,,798280715,,
467212453,"Лампа коммутаторная светодиодная красная СКЛ 16К-2-24, 24в, ",DESTROY: old_variant,,,,,,798280714,,
467212453,"Лампа коммутаторная светодиодная красная СКЛ 16К-2-24, 24в, ",DESTROY: old_variant,,,,,,798280713,,
467212453,"Лампа коммутаторная светодиодная красная СКЛ 16К-2-24, 24в, ",DESTROY: old_variant,,,,,,798280711,,
468806729,"Лампа накаливания ""Свет"" миниатюрная МН 6.3-0.22, 6.3в, 0.22",BASE: keep+update_stock,1,0,,,,781464313,781464313,true
468806729,"Лампа накаливания ""Свет"" миниатюрная МН 6.3-0.22, 6.3в, 0.22",BUNDLE: create,2,0,355.0,352.0,3.0,781464313,792958610,false
468806729,"Лампа накаливания ""Свет"" миниатюрная МН 6.3-0.22, 6.3в, 0.22",BUNDLE: create,3,0,407.5,403.0,4.5,781464313,792601688,false
468806729,"Лампа накаливания ""Свет"" миниатюрная МН 6.3-0.22, 6.3в, 0.22",BUNDLE: create,4,0,460.0,454.0,6.0,781464313,792958609,false
468806729,"Лампа накаливания ""Свет"" миниатюрная МН 6.3-0.22, 6.3в, 0.22",BUNDLE: create,5,0,512.5,505.0,7.5,781464313,792958608,false
468806729,"Лампа накаливания ""Свет"" миниатюрная МН 6.3-0.22, 6.3в, 0.22",BUNDLE: create,10,0,775.0,760.0,15.0,781464313,792601687,false
468806729,"Лампа накаливания ""Свет"" миниатюрная МН 6.3-0.22, 6.3в, 0.22",BUNDLE: create,30,0,1825.0,1780.0,45.0,781464313,792601684,false
468806729,"Лампа накаливания ""Свет"" миниатюрная МН 6.3-0.22, 6.3в, 0.22",BUNDLE: create,100,0,5500.0,5350.0,150.0,781464313,792601686,false
468806729,"Лампа накаливания ""Свет"" миниатюрная МН 6.3-0.22, 6.3в, 0.22",DESTROY: old_variant,,,,,,792958610,,
468806729,"Лампа накаливания ""Свет"" миниатюрная МН 6.3-0.22, 6.3в, 0.22",DESTROY: old_variant,,,,,,792601688,,
468806729,"Лампа накаливания ""Свет"" миниатюрная МН 6.3-0.22, 6.3в, 0.22",DESTROY: old_variant,,,,,,792958609,,
468806729,"Лампа накаливания ""Свет"" миниатюрная МН 6.3-0.22, 6.3в, 0.22",DESTROY: old_variant,,,,,,792958608,,
468806729,"Лампа накаливания ""Свет"" миниатюрная МН 6.3-0.22, 6.3в, 0.22",DESTROY: old_variant,,,,,,792601687,,
468806729,"Лампа накаливания ""Свет"" миниатюрная МН 6.3-0.22, 6.3в, 0.22",DESTROY: old_variant,,,,,,792601684,,
468806729,"Лампа накаливания ""Свет"" миниатюрная МН 6.3-0.22, 6.3в, 0.22",DESTROY: old_variant,,,,,,792601686,,
468979532,"Лампа накаливания ""Свет"" миниатюрная МН 6.3-0.3, 6.3в, 0.3а,",BASE: keep+update_stock,1,0,,,,781741036,781741036,true
468979532,"Лампа накаливания ""Свет"" миниатюрная МН 6.3-0.3, 6.3в, 0.3а,",BUNDLE: create,2,0,355.0,352.0,3.0,781741036,792958677,false
468979532,"Лампа накаливания ""Свет"" миниатюрная МН 6.3-0.3, 6.3в, 0.3а,",BUNDLE: create,3,0,407.5,403.0,4.5,781741036,792601830,false
468979532,"Лампа накаливания ""Свет"" миниатюрная МН 6.3-0.3, 6.3в, 0.3а,",BUNDLE: create,4,0,460.0,454.0,6.0,781741036,792958676,false
468979532,"Лампа накаливания ""Свет"" миниатюрная МН 6.3-0.3, 6.3в, 0.3а,",BUNDLE: create,5,0,512.5,505.0,7.5,781741036,792958675,false
468979532,"Лампа накаливания ""Свет"" миниатюрная МН 6.3-0.3, 6.3в, 0.3а,",BUNDLE: create,10,0,775.0,760.0,15.0,781741036,792601829,false
468979532,"Лампа накаливания ""Свет"" миниатюрная МН 6.3-0.3, 6.3в, 0.3а,",BUNDLE: create,30,0,1825.0,1780.0,45.0,781741036,792601827,false
468979532,"Лампа накаливания ""Свет"" миниатюрная МН 6.3-0.3, 6.3в, 0.3а,",BUNDLE: create,100,0,5500.0,5350.0,150.0,781741036,792601825,false
468979532,"Лампа накаливания ""Свет"" миниатюрная МН 6.3-0.3, 6.3в, 0.3а,",DESTROY: old_variant,,,,,,792958677,,
468979532,"Лампа накаливания ""Свет"" миниатюрная МН 6.3-0.3, 6.3в, 0.3а,",DESTROY: old_variant,,,,,,792601830,,
468979532,"Лампа накаливания ""Свет"" миниатюрная МН 6.3-0.3, 6.3в, 0.3а,",DESTROY: old_variant,,,,,,792958676,,
468979532,"Лампа накаливания ""Свет"" миниатюрная МН 6.3-0.3, 6.3в, 0.3а,",DESTROY: old_variant,,,,,,792958675,,
468979532,"Лампа накаливания ""Свет"" миниатюрная МН 6.3-0.3, 6.3в, 0.3а,",DESTROY: old_variant,,,,,,792601829,,
468979532,"Лампа накаливания ""Свет"" миниатюрная МН 6.3-0.3, 6.3в, 0.3а,",DESTROY: old_variant,,,,,,792601827,,
468979532,"Лампа накаливания ""Свет"" миниатюрная МН 6.3-0.3, 6.3в, 0.3а,",DESTROY: old_variant,,,,,,792601825,,
468990311,"Лампа накаливания ""Свет"" миниатюрная Е 13.5-0.12, 13.5в, 0.1",BASE: keep+update_stock,1,0,,,,781753226,781753226,true
468990311,"Лампа накаливания ""Свет"" миниатюрная Е 13.5-0.12, 13.5в, 0.1",BUNDLE: create,2,0,355.0,352.0,3.0,781753226,792958732,false
468990311,"Лампа накаливания ""Свет"" миниатюрная Е 13.5-0.12, 13.5в, 0.1",BUNDLE: create,3,0,407.5,403.0,4.5,781753226,792602227,false
468990311,"Лампа накаливания ""Свет"" миниатюрная Е 13.5-0.12, 13.5в, 0.1",BUNDLE: create,4,0,460.0,454.0,6.0,781753226,792958730,false
468990311,"Лампа накаливания ""Свет"" миниатюрная Е 13.5-0.12, 13.5в, 0.1",BUNDLE: create,5,0,512.5,505.0,7.5,781753226,792958731,false
468990311,"Лампа накаливания ""Свет"" миниатюрная Е 13.5-0.12, 13.5в, 0.1",BUNDLE: create,10,0,775.0,760.0,15.0,781753226,792602226,false
468990311,"Лампа накаливания ""Свет"" миниатюрная Е 13.5-0.12, 13.5в, 0.1",BUNDLE: create,30,0,1825.0,1780.0,45.0,781753226,792602225,false
468990311,"Лампа накаливания ""Свет"" миниатюрная Е 13.5-0.12, 13.5в, 0.1",BUNDLE: create,100,0,5500.0,5350.0,150.0,781753226,792602224,false
468990311,"Лампа накаливания ""Свет"" миниатюрная Е 13.5-0.12, 13.5в, 0.1",DESTROY: old_variant,,,,,,792958732,,
468990311,"Лампа накаливания ""Свет"" миниатюрная Е 13.5-0.12, 13.5в, 0.1",DESTROY: old_variant,,,,,,792602227,,
468990311,"Лампа накаливания ""Свет"" миниатюрная Е 13.5-0.12, 13.5в, 0.1",DESTROY: old_variant,,,,,,792958730,,
468990311,"Лампа накаливания ""Свет"" миниатюрная Е 13.5-0.12, 13.5в, 0.1",DESTROY: old_variant,,,,,,792958731,,
468990311,"Лампа накаливания ""Свет"" миниатюрная Е 13.5-0.12, 13.5в, 0.1",DESTROY: old_variant,,,,,,792602226,,
468990311,"Лампа накаливания ""Свет"" миниатюрная Е 13.5-0.12, 13.5в, 0.1",DESTROY: old_variant,,,,,,792602225,,
468990311,"Лампа накаливания ""Свет"" миниатюрная Е 13.5-0.12, 13.5в, 0.1",DESTROY: old_variant,,,,,,792602224,,
469248785,"Лампа накаливания Лисма с 110-60-1Н, 110в, 60Вт, Е27н",BASE: keep+update_stock,1,0,,,,782202631,782202631,true
469248785,"Лампа накаливания Лисма с 110-60-1Н, 110в, 60Вт, Е27н",BUNDLE: create,2,0,565.0,556.0,9.0,782202631,792630331,false
469248785,"Лампа накаливания Лисма с 110-60-1Н, 110в, 60Вт, Е27н",BUNDLE: create,3,0,722.5,709.0,13.5,782202631,792630326,false
469248785,"Лампа накаливания Лисма с 110-60-1Н, 110в, 60Вт, Е27н",BUNDLE: create,5,0,1037.5,1015.0,22.5,782202631,792630325,false
469248785,"Лампа накаливания Лисма с 110-60-1Н, 110в, 60Вт, Е27н",BUNDLE: create,10,0,1825.0,1780.0,45.0,782202631,792630322,false
469248785,"Лампа накаливания Лисма с 110-60-1Н, 110в, 60Вт, Е27н",DESTROY: old_variant,,,,,,792630331,,
469248785,"Лампа накаливания Лисма с 110-60-1Н, 110в, 60Вт, Е27н",DESTROY: old_variant,,,,,,792630326,,
469248785,"Лампа накаливания Лисма с 110-60-1Н, 110в, 60Вт, Е27н",DESTROY: old_variant,,,,,,792630325,,
469248785,"Лампа накаливания Лисма с 110-60-1Н, 110в, 60Вт, Е27н",DESTROY: old_variant,,,,,,792630322,,
469983500,"Лампа коммутационная Бэлз КМ 24-90, 24в, 90мА, т6.8",BASE: keep+update_stock,1,0,,,,783607197,783607197,true
469983500,"Лампа коммутационная Бэлз КМ 24-90, 24в, 90мА, т6.8",BUNDLE: create,2,0,530.0,522.0,8.0,783607197,792630915,false
469983500,"Лампа коммутационная Бэлз КМ 24-90, 24в, 90мА, т6.8",BUNDLE: create,3,0,670.0,658.0,12.0,783607197,792630912,false
469983500,"Лампа коммутационная Бэлз КМ 24-90, 24в, 90мА, т6.8",BUNDLE: create,5,0,950.0,930.0,20.0,783607197,792630911,false
469983500,"Лампа коммутационная Бэлз КМ 24-90, 24в, 90мА, т6.8",BUNDLE: create,10,0,1650.0,1610.0,40.0,783607197,792630909,false
469983500,"Лампа коммутационная Бэлз КМ 24-90, 24в, 90мА, т6.8",DESTROY: old_variant,,,,,,792630915,,
469983500,"Лампа коммутационная Бэлз КМ 24-90, 24в, 90мА, т6.8",DESTROY: old_variant,,,,,,792630912,,
469983500,"Лампа коммутационная Бэлз КМ 24-90, 24в, 90мА, т6.8",DESTROY: old_variant,,,,,,792630911,,
469983500,"Лампа коммутационная Бэлз КМ 24-90, 24в, 90мА, т6.8",DESTROY: old_variant,,,,,,792630909,,
469985386,"Лампа накаливания Тэлз Ц 235-245-10, 10Вт, 235-245В, Е 14/25",BASE: keep+update_stock,1,0,,,,783612009,783612009,true
469985386,"Лампа накаливания Тэлз Ц 235-245-10, 10Вт, 235-245В, Е 14/25",BUNDLE: create,2,0,390.0,386.0,4.0,783612009,792958746,false
469985386,"Лампа накаливания Тэлз Ц 235-245-10, 10Вт, 235-245В, Е 14/25",BUNDLE: create,3,0,460.0,454.0,6.0,783612009,792602409,false
469985386,"Лампа накаливания Тэлз Ц 235-245-10, 10Вт, 235-245В, Е 14/25",BUNDLE: create,4,0,530.0,522.0,8.0,783612009,792958745,false
469985386,"Лампа накаливания Тэлз Ц 235-245-10, 10Вт, 235-245В, Е 14/25",BUNDLE: create,5,0,600.0,590.0,10.0,783612009,792958744,false
469985386,"Лампа накаливания Тэлз Ц 235-245-10, 10Вт, 235-245В, Е 14/25",BUNDLE: create,10,0,950.0,930.0,20.0,783612009,792602406,false
469985386,"Лампа накаливания Тэлз Ц 235-245-10, 10Вт, 235-245В, Е 14/25",BUNDLE: create,30,0,2350.0,2290.0,60.0,783612009,792602405,false
469985386,"Лампа накаливания Тэлз Ц 235-245-10, 10Вт, 235-245В, Е 14/25",BUNDLE: create,100,0,7250.0,7050.0,200.0,783612009,792602404,false
469985386,"Лампа накаливания Тэлз Ц 235-245-10, 10Вт, 235-245В, Е 14/25",DESTROY: old_variant,,,,,,792958746,,
469985386,"Лампа накаливания Тэлз Ц 235-245-10, 10Вт, 235-245В, Е 14/25",DESTROY: old_variant,,,,,,792602409,,
469985386,"Лампа накаливания Тэлз Ц 235-245-10, 10Вт, 235-245В, Е 14/25",DESTROY: old_variant,,,,,,792958745,,
469985386,"Лампа накаливания Тэлз Ц 235-245-10, 10Вт, 235-245В, Е 14/25",DESTROY: old_variant,,,,,,792958744,,
469985386,"Лампа накаливания Тэлз Ц 235-245-10, 10Вт, 235-245В, Е 14/25",DESTROY: old_variant,,,,,,792602406,,
469985386,"Лампа накаливания Тэлз Ц 235-245-10, 10Вт, 235-245В, Е 14/25",DESTROY: old_variant,,,,,,792602405,,
469985386,"Лампа накаливания Тэлз Ц 235-245-10, 10Вт, 235-245В, Е 14/25",DESTROY: old_variant,,,,,,792602404,,
469985963,"Лампа накаливания прожекторная Лисма ПЖ 220-500 220в, 500Вт,",BASE: keep+update_stock,1,0,,,,783615198,783615198,true
469985963,"Лампа накаливания прожекторная Лисма ПЖ 220-500 220в, 500Вт,",BUNDLE: create,2,0,3050.0,2970.0,80.0,783615198,798424266,false
469985963,"Лампа накаливания прожекторная Лисма ПЖ 220-500 220в, 500Вт,",BUNDLE: create,3,0,4450.0,4330.0,120.0,783615198,798424264,false
469985963,"Лампа накаливания прожекторная Лисма ПЖ 220-500 220в, 500Вт,",BUNDLE: create,4,0,5850.0,5690.0,160.0,783615198,798424262,false
469985963,"Лампа накаливания прожекторная Лисма ПЖ 220-500 220в, 500Вт,",BUNDLE: create,5,0,7250.0,7050.0,200.0,783615198,798424260,false
469985963,"Лампа накаливания прожекторная Лисма ПЖ 220-500 220в, 500Вт,",DESTROY: old_variant,,,,,,798424266,,
469985963,"Лампа накаливания прожекторная Лисма ПЖ 220-500 220в, 500Вт,",DESTROY: old_variant,,,,,,798424264,,
469985963,"Лампа накаливания прожекторная Лисма ПЖ 220-500 220в, 500Вт,",DESTROY: old_variant,,,,,,798424262,,
469985963,"Лампа накаливания прожекторная Лисма ПЖ 220-500 220в, 500Вт,",DESTROY: old_variant,,,,,,798424260,,
470238489,"Лампа накаливания Бэлз Ц 215-225-10 220В, 10Вт, B15D/18 (узк",BASE: keep+update_stock,1,0,,,,784034638,784034638,true
470238489,"Лампа накаливания Бэлз Ц 215-225-10 220В, 10Вт, B15D/18 (узк",BUNDLE: create,2,0,495.0,488.0,7.0,784034638,792631720,false
470238489,"Лампа накаливания Бэлз Ц 215-225-10 220В, 10Вт, B15D/18 (узк",BUNDLE: create,3,0,617.5,607.0,10.5,784034638,792631718,false
470238489,"Лампа накаливания Бэлз Ц 215-225-10 220В, 10Вт, B15D/18 (узк",BUNDLE: create,5,0,862.5,845.0,17.5,784034638,792631717,false
470238489,"Лампа накаливания Бэлз Ц 215-225-10 220В, 10Вт, B15D/18 (узк",BUNDLE: create,10,0,1475.0,1440.0,35.0,784034638,792631716,false
470238489,"Лампа накаливания Бэлз Ц 215-225-10 220В, 10Вт, B15D/18 (узк",DESTROY: old_variant,,,,,,792631720,,
470238489,"Лампа накаливания Бэлз Ц 215-225-10 220В, 10Вт, B15D/18 (узк",DESTROY: old_variant,,,,,,792631718,,
470238489,"Лампа накаливания Бэлз Ц 215-225-10 220В, 10Вт, B15D/18 (узк",DESTROY: old_variant,,,,,,792631717,,
470238489,"Лампа накаливания Бэлз Ц 215-225-10 220В, 10Вт, B15D/18 (узк",DESTROY: old_variant,,,,,,792631716,,
470241545,"Лампа накаливания малогабаритная Тэлз Ц 125-135-15, 125-135В",BASE: keep+update_stock,1,0,,,,784038079,784038079,true
470241545,"Лампа накаливания малогабаритная Тэлз Ц 125-135-15, 125-135В",BUNDLE: create,2,0,565.0,556.0,9.0,784038079,792631910,false
470241545,"Лампа накаливания малогабаритная Тэлз Ц 125-135-15, 125-135В",BUNDLE: create,3,0,722.5,709.0,13.5,784038079,792631909,false
470241545,"Лампа накаливания малогабаритная Тэлз Ц 125-135-15, 125-135В",BUNDLE: create,5,0,1037.5,1015.0,22.5,784038079,792631908,false
470241545,"Лампа накаливания малогабаритная Тэлз Ц 125-135-15, 125-135В",BUNDLE: create,10,0,1825.0,1780.0,45.0,784038079,792631907,false
470241545,"Лампа накаливания малогабаритная Тэлз Ц 125-135-15, 125-135В",DESTROY: old_variant,,,,,,792631910,,
470241545,"Лампа накаливания малогабаритная Тэлз Ц 125-135-15, 125-135В",DESTROY: old_variant,,,,,,792631909,,
470241545,"Лампа накаливания малогабаритная Тэлз Ц 125-135-15, 125-135В",DESTROY: old_variant,,,,,,792631908,,
470241545,"Лампа накаливания малогабаритная Тэлз Ц 125-135-15, 125-135В",DESTROY: old_variant,,,,,,792631907,,
473348861,"Лампа накаливания самолётная СМ 28-20-1 Тэлз 28В, 20Вт, B15s",BASE: keep+update_stock,1,0,,,,789940942,789940942,true
473348861,"Лампа накаливания самолётная СМ 28-20-1 Тэлз 28В, 20Вт, B15s",BUNDLE: create,2,0,460.0,454.0,6.0,789940942,792632261,false
473348861,"Лампа накаливания самолётная СМ 28-20-1 Тэлз 28В, 20Вт, B15s",BUNDLE: create,3,0,565.0,556.0,9.0,789940942,792632259,false
473348861,"Лампа накаливания самолётная СМ 28-20-1 Тэлз 28В, 20Вт, B15s",BUNDLE: create,5,0,775.0,760.0,15.0,789940942,792632258,false
473348861,"Лампа накаливания самолётная СМ 28-20-1 Тэлз 28В, 20Вт, B15s",BUNDLE: create,10,0,1300.0,1270.0,30.0,789940942,792632256,false
473348861,"Лампа накаливания самолётная СМ 28-20-1 Тэлз 28В, 20Вт, B15s",DESTROY: old_variant,,,,,,792632261,,
473348861,"Лампа накаливания самолётная СМ 28-20-1 Тэлз 28В, 20Вт, B15s",DESTROY: old_variant,,,,,,792632259,,
473348861,"Лампа накаливания самолётная СМ 28-20-1 Тэлз 28В, 20Вт, B15s",DESTROY: old_variant,,,,,,792632258,,
473348861,"Лампа накаливания самолётная СМ 28-20-1 Тэлз 28В, 20Вт, B15s",DESTROY: old_variant,,,,,,792632256,,
474595969,"Лампа накаливания Судовая Лисма С 24-60-1, 60Вт, 24В, B22d",BASE: keep+update_stock,1,0,,,,792311035,792311035,true
474595969,"Лампа накаливания Судовая Лисма С 24-60-1, 60Вт, 24В, B22d",BUNDLE: create,2,0,600.0,590.0,10.0,792311035,792632515,false
474595969,"Лампа накаливания Судовая Лисма С 24-60-1, 60Вт, 24В, B22d",BUNDLE: create,3,0,775.0,760.0,15.0,792311035,792632514,false
474595969,"Лампа накаливания Судовая Лисма С 24-60-1, 60Вт, 24В, B22d",BUNDLE: create,5,0,1125.0,1100.0,25.0,792311035,792632512,false
474595969,"Лампа накаливания Судовая Лисма С 24-60-1, 60Вт, 24В, B22d",BUNDLE: create,10,0,2000.0,1950.0,50.0,792311035,792632511,false
474595969,"Лампа накаливания Судовая Лисма С 24-60-1, 60Вт, 24В, B22d",DESTROY: old_variant,,,,,,792632515,,
474595969,"Лампа накаливания Судовая Лисма С 24-60-1, 60Вт, 24В, B22d",DESTROY: old_variant,,,,,,792632514,,
474595969,"Лампа накаливания Судовая Лисма С 24-60-1, 60Вт, 24В, B22d",DESTROY: old_variant,,,,,,792632512,,
474595969,"Лампа накаливания Судовая Лисма С 24-60-1, 60Вт, 24В, B22d",DESTROY: old_variant,,,,,,792632511,,
