lot_id,slice_rank,sku_code,qty,effective_usd,category_engine,brand_engine,raw_text,full_row_text
1,1,A160123,149.100000,9511306.200000,it_hardware,unknown,"Grid Screen Commander 50 pcs, модель/артикул A160123, кол-во 2","Grid Screen Commander 50 pcs, модель/артикул A160123, кол-во 2 | nan | nan | nan | nan | nan | nan | nan | nan | nan | nan | nan"
1,2,A160123,149.100000,9511306.200000,it_hardware,unknown,"Grid Screen Commander 50 pcs, модель/артикул A160123, кол-во 3","Grid Screen Commander 50 pcs, модель/артикул A160123, кол-во 3 | nan | nan | nan | nan | nan | nan | nan | nan | nan | nan | nan"
2,1,135854L3,300.000000,16689811.276134,it_hardware,unknown,"Replacement Flex PCB, мод./арт. 135854-L3, кол-во 6","Replacement Flex PCB, мод./арт. 135854-L3, кол-во 6 | nan | nan | nan | nan | nan | nan | nan | nan | nan | nan | nan"
2,2,135854L3,300.000000,16689811.276134,it_hardware,unknown,"Replacement Flex PCB, мод./арт. 135854-L3, кол-во 7","Replacement Flex PCB, мод./арт. 135854-L3, кол-во 7 | nan | nan | nan | nan | nan | nan | nan | nan | nan | nan | nan"
3,1,C6097A4210B,154.200000,1884754.666667,gas_safety,unknown,"GAS PRESS SW 1/4» 2.5-50MB PG11 20PCS, модель/артикул C6097A4210B, кол-во 20","GAS PRESS SW 1/4» 2.5-50MB PG11 20PCS, модель/артикул C6097A4210B, кол-во 20 | nan | nan | nan | nan | nan | nan | nan | nan | nan | nan | nan"
3,2,8680I505RHSGH,154.200000,482296.410256,it_hardware,unknown,"8680I MINI MOB RH GLOVE W/HA, 10PCS/PAK, модель/артикул 8680I505RHSGH, кол-во 1","8680I MINI MOB RH GLOVE W/HA, 10PCS/PAK, модель/артикул 8680I505RHSGH, кол-во 1 | nan | nan | nan | nan | nan | nan | nan | nan | nan | nan | nan"
3,3,I22605,154.200000,454838.615385,unknown,unknown,"PB-LBL-050-B-76/190-4, модель/артикул I22605, кол-во 2880","PB-LBL-050-B-76/190-4, модель/артикул I22605, кол-во 2880 | nan | nan | nan | nan | nan | nan | nan | nan | nan | nan | nan"
4,1,50137160005FRE,2250.000000,1208787.371795,it_hardware,unknown,"FRE, PCBA, SCANNER, MAIN BOARD, 8680I, модель/артикул 50137160-005FRE, кол-во 10","FRE, PCBA, SCANNER, MAIN BOARD, 8680I, модель/артикул 50137160-005FRE, кол-во 10 | nan | nan | nan | nan | nan | nan | nan | nan | nan | nan | nan"
4,2,VM3512LCDFILM,2250.000000,471553.538462,it_hardware,unknown,"VM3, RES TOUCH SCREEN PROT FILM,10PCS, модель/артикул VM3512LCDFILM, кол-во 1","VM3, RES TOUCH SCREEN PROT FILM,10PCS, модель/артикул VM3512LCDFILM, кол-во 1 | nan | nan | nan | nan | nan | nan | nan | nan | nan | nan | nan"
5,1,24PCS,258.750000,15408262.525641,it_hardware,unknown,"Mounting kit 1: 24pcs nuts,screws,washer, модель/артикул 583703, кол-во 18","Mounting kit 1: 24pcs nuts,screws,washer, модель/артикул 583703, кол-во 18 | nan | nan | nan | nan | nan | nan | nan | nan | nan | nan | nan"
6,1,VHX0200,200.000000,329087.179487,it_hardware,unknown,"PC LINK HIGH LEVEL INTERFACE, модель/артикул VHX-0200, кол-во 16","PC LINK HIGH LEVEL INTERFACE, модель/артикул VHX-0200, кол-во 16 | nan | nan | nan | nan | nan | nan | nan | nan | nan | nan | nan | nan | nan | nan | nan | nan"
6,2,40PC100G1A,100.000000,122707.354926,industrial_sensors,unknown,"PRESSURE SENSOR, модель/артикул 40PC100G1A, кол-во 38","PRESSURE SENSOR, модель/артикул 40PC100G1A, кол-во 38 | nan | nan | nan | nan | nan | nan | nan | nan | nan | nan | nan | nan | nan | nan | nan | nan"
6,3,2455R99130401,1000.000000,92680.126926,unknown,unknown,"COMMERCIAL THERMOSTAT, модель/артикул 2455R--99130401, кол-во 1000","COMMERCIAL THERMOSTAT, модель/артикул 2455R--99130401, кол-во 1000 | nan | nan | nan | nan | nan | nan | nan | nan | nan | nan | nan | nan | nan | nan | nan | nan"
6,4,40PC250G2A,250.000000,78112.091346,industrial_sensors,unknown,"PRESSURE SENSOR, модель/артикул 40PC250G2A, кол-во 400","PRESSURE SENSOR, модель/артикул 40PC250G2A, кол-во 400 | nan | nan | nan | nan | nan | nan | nan | nan | nan | nan | nan | nan | nan | nan | nan | nan"
6,5,HEL705T01200,300.000000,51183.311445,industrial_sensors,unknown,"TEMPERATURE SENSOR, модель/артикул HEL-705-T-0-12-00, кол-во 300","TEMPERATURE SENSOR, модель/артикул HEL-705-T-0-12-00, кол-во 300 | nan | nan | nan | nan | nan | nan | nan | nan | nan | nan | nan | nan | nan | nan | nan | nan"
6,6,PW7K1R2,47.000000,41086.971510,unknown,unknown,"PW7000 DUAL READER BOARD, модель/артикул PW7K1R2, кол-во 47","PW7000 DUAL READER BOARD, модель/артикул PW7K1R2, кол-во 47 | nan | nan | nan | nan | nan | nan | nan | nan | nan | nan | nan | nan | nan | nan | nan | nan"
6,7,AWM720P1,270.000000,40220.597867,industrial_sensors,unknown,"AIRFLOW SENSOR, модель/артикул AWM720P1, кол-во 270","AIRFLOW SENSOR, модель/артикул AWM720P1, кол-во 270 | nan | nan | nan | nan | nan | nan | nan | nan | nan | nan | nan | nan | nan | nan | nan | nan"
7,1,PM43A11000000302,43.000000,154910.680473,it_hardware,unknown,"PM43, FT, ROW, ETH, HGR, TT300, EU PC, модель/артикул PM43A11000000302, кол-во 5","PM43, FT, ROW, ETH, HGR, TT300, EU PC, модель/артикул PM43A11000000302, кол-во 5 | nan | nan | nan | nan | nan | nan | nan | nan | nan | nan | nan"
7,2,PM43A11000000302,43.000000,154910.680473,it_hardware,unknown,"PM43, FT, ROW, ETH, HGR, TT300, EU PC, модель/артикул PM43A11000000302, кол-во 8","PM43, FT, ROW, ETH, HGR, TT300, EU PC, модель/артикул PM43A11000000302, кол-во 8 | nan | nan | nan | nan | nan | nan | nan | nan | nan | nan | nan"
7,3,TC840C3206IV,68.000000,44001.282051,fire_safety,honeywell,"MULTI CRITERIA FIRE CO IVORY HONEYWELL, модель/артикул TC840C3206-IV, кол-во 68","MULTI CRITERIA FIRE CO IVORY HONEYWELL, модель/артикул TC840C3206-IV, кол-во 68 | nan | nan | nan | nan | nan | nan | nan | nan | nan | nan | nan"
7,4,6500RS,51.000000,37304.487179,unknown,unknown,"REFL.IR SMOK.BEAM D.W/SELFTEST, модель/артикул 6500RS, кол-во 51","REFL.IR SMOK.BEAM D.W/SELFTEST, модель/артикул 6500RS, кол-во 51 | nan | nan | nan | nan | nan | nan | nan | nan | nan | nan | nan"
7,5,SAV0501,501.000000,26597.961538,it_hardware,unknown,"ASSY Galaxy JD 96 PCB Spare, модель/артикул SAV-0501, кол-во 1","ASSY Galaxy JD 96 PCB Spare, модель/артикул SAV-0501, кол-во 1 | nan | nan | nan | nan | nan | nan | nan | nan | nan | nan | nan"
7,6,ECO1003M,696.000000,24639.998572,fire_safety,unknown,"ECO Smoke detector, модель/артикул ECO1003M, кол-во 2100","ECO Smoke detector, модель/артикул ECO1003M, кол-во 2100 | nan | nan | nan | nan | nan | nan | nan | nan | nan | nan | nan"
8,1,04200A1015,73.000000,129000.345411,unknown,unknown,"OPTIMA (ATEX) DUCT MOUNT KIT NO JB, модель/артикул 04200-A-1015, кол-во 73","OPTIMA (ATEX) DUCT MOUNT KIT NO JB, модель/артикул 04200-A-1015, кол-во 73 | nan | nan | nan | nan | nan | nan | nan | nan | nan | nan | nan"
8,2,04200A1015,65.000000,114863.321256,unknown,unknown,"OPTIMA (ATEX) DUCT MOUNT KIT NO JB, модель/артикул 04200-A-1015, кол-во 65","OPTIMA (ATEX) DUCT MOUNT KIT NO JB, модель/артикул 04200-A-1015, кол-во 65 | nan | nan | nan | nan | nan | nan | nan | nan | nan | nan | nan"
8,3,FTAPKS16DODCFJ6S,2.000000,78480.584873,unknown,unknown,"FTA-PKS-16DODC-F-J6-S, модель/артикул 7508002113, кол-во 2","FTA-PKS-16DODC-F-J6-S, модель/артикул 7508002113, кол-во 2 | nan | nan | nan | nan | nan | nan | nan | nan | nan | nan | nan"
8,4,900J100001,492.300000,75438.461538,unknown,unknown,"TERMINAL BOARD JUMPERS, 10POS 10QTY, модель/артикул 900J10-0001, кол-во 2","TERMINAL BOARD JUMPERS, 10POS 10QTY, модель/артикул 900J10-0001, кол-во 2 | nan | nan | nan | nan | nan | nan | nan | nan | nan | nan | nan"
8,5,MCXL000MYRU,165.000000,74459.679487,unknown,unknown,"MCXL - CO - Yellow - RU, модель/артикул MCXL-000M-Y-RU, кол-во 165","MCXL - CO - Yellow - RU, модель/артикул MCXL-000M-Y-RU, кол-во 165 | nan | nan | nan | nan | nan | nan | nan | nan | nan | nan | nan"
8,6,SPXCDALMB1,50.000000,61806.512821,unknown,unknown,"XCD ATEX/IECEX/AP CO2 IR 0-2%VOL LM25, модель/артикул SPXCDALMB1, кол-во 50","XCD ATEX/IECEX/AP CO2 IR 0-2%VOL LM25, модель/артикул SPXCDALMB1, кол-во 50 | nan | nan | nan | nan | nan | nan | nan | nan | nan | nan | nan"
8,7,1003232RU,200.000000,41612.996246,unknown,unknown,"AMORSTOP FORKED LANYARD, модель/артикул 1003232-RU, кол-во 200","AMORSTOP FORKED LANYARD, модель/артикул 1003232-RU, кол-во 200 | nan | nan | nan | nan | nan | nan | nan | nan | nan | nan | nan"
8,8,R7476B1005,110.000000,31017.256410,unknown,unknown,"OBS. UV SELF-CHECK - ORDER R7476A1007/U, модель/артикул R7476B1005, кол-во 110","OBS. UV SELF-CHECK - ORDER R7476A1007/U, модель/артикул R7476B1005, кол-во 110 | nan | nan | nan | nan | nan | nan | nan | nan | nan | nan | nan"
9,1,A16076125,1200.000000,5016402.732308,it_hardware,unknown,"Glass Screen Commander 25 pcs, модель/артикул A160761-25, кол-во 25","Glass Screen Commander 25 pcs, модель/артикул A160761-25, кол-во 25 | nan | nan | nan | nan | nan | nan | nan | nan | nan | nan | nan"
9,2,CPOPC400,400.000000,1439589.743590,hvac_components,unknown,"Контроллер свободно программируемый CPO-PC400 plant ctrl, модель/артикул CPO-PC400, кол-во 1","Контроллер свободно программируемый CPO-PC400 plant ctrl, модель/артикул CPO-PC400, кол-во 1 | nan | nan | nan | nan | nan | nan | nan | nan | nan | nan | nan"
9,3,CPOPC400,400.000000,1439589.743590,hvac_components,unknown,"Контроллер свободно программируемый CPO-PC400 plant ctrl, модель/артикул CPO-PC400, кол-во 7","Контроллер свободно программируемый CPO-PC400 plant ctrl, модель/артикул CPO-PC400, кол-во 7 | nan | nan | nan | nan | nan | nan | nan | nan | nan | nan | nan"
10,1,CCPCF901,600.000000,1716185.525641,fire_safety,unknown,"Control Firewall Module, 8Port+1uplink, модель/артикул CC-PCF901, кол-во 1","Control Firewall Module, 8Port+1uplink, модель/артикул CC-PCF901, кол-во 1 | nan | nan | nan | nan | nan | nan | nan | nan | nan | nan | nan"
10,2,CPOPC400,400.000000,1439589.743590,hvac_components,unknown,"Контроллер свободно программируемый CPO-PC400 plant ctrl, модель/артикул CPO-PC400, кол-во 31","Контроллер свободно программируемый CPO-PC400 plant ctrl, модель/артикул CPO-PC400, кол-во 31 | nan | nan | nan | nan | nan | nan | nan | nan | nan | nan | nan"
11,1,PIP001,1180.000000,171494.668046,construction_supplies,unknown,"ASD PIPE 25MM 3M LONG PK20, модель/артикул PIP-001, кол-во 1180","ASD PIPE 25MM 3M LONG PK20, модель/артикул PIP-001, кол-во 1180 | nan | nan | nan | nan | nan | nan | nan | nan | nan | nan | nan"
11,2,PIP001,1180.000000,171494.668046,construction_supplies,unknown,"ASD PIPE 25MM 3M LONG PK20, модель/артикул PIP-001, кол-во 1180","ASD PIPE 25MM 3M LONG PK20, модель/артикул PIP-001, кол-во 1180 | nan | nan | nan | nan | nan | nan | nan | nan | nan | nan | nan"
11,3,PIP001,1100.000000,159867.910890,construction_supplies,unknown,"ASD PIPE 25MM 3M LONG PK20, модель/артикул PIP-001, кол-во 1100","ASD PIPE 25MM 3M LONG PK20, модель/артикул PIP-001, кол-во 1100 | nan | nan | nan | nan | nan | nan | nan | nan | nan | nan | nan"
11,4,PIP001,1000.000000,145334.464445,construction_supplies,unknown,"ASD PIPE 25MM 3M LONG PK20, модель/артикул PIP-001, кол-во 1000","ASD PIPE 25MM 3M LONG PK20, модель/артикул PIP-001, кол-во 1000 | nan | nan | nan | nan | nan | nan | nan | nan | nan | nan | nan"
11,5,PIP001,860.000000,124987.639423,construction_supplies,unknown,"ASD PIPE 25MM 3M LONG PK20, модель/артикул PIP-001, кол-во 860","ASD PIPE 25MM 3M LONG PK20, модель/артикул PIP-001, кол-во 860 | nan | nan | nan | nan | nan | nan | nan | nan | nan | nan | nan"
11,6,PIP001,780.000000,113360.882267,construction_supplies,unknown,"ASD PIPE 25MM 3M LONG PK20, модель/артикул PIP-001, кол-во 780","ASD PIPE 25MM 3M LONG PK20, модель/артикул PIP-001, кол-во 780 | nan | nan | nan | nan | nan | nan | nan | nan | nan | nan | nan"
12,1,900J020001,520.500000,98682.692308,unknown,unknown,"TERMINAL BOARD JUMPERS, 2POS 10QTY, модель/артикул 900J02-0001, кол-во 2","TERMINAL BOARD JUMPERS, 2POS 10QTY, модель/артикул 900J02-0001, кол-во 2 | nan | nan | nan | nan | nan | nan | nan | nan | nan | nan | nan"
12,2,94000A1006,152.000000,60081.133138,gas_safety,unknown,"XNX 2IN PIPE MOUNTED SUNSHADE IN 316SS, модель/артикул 94000-A-1006, кол-во 152","XNX 2IN PIPE MOUNTED SUNSHADE IN 316SS, модель/артикул 94000-A-1006, кол-во 152 | nan | nan | nan | nan | nan | nan | nan | nan | nan | nan | nan"
12,3,VNU335A1000,30.000000,42286.358974,unknown,unknown,"Venture 335 kw + ktservf2 + ktvit002, модель/артикул vnu335a1000, кол-во 30","Venture 335 kw + ktservf2 + ktvit002, модель/артикул vnu335a1000, кол-во 30 | nan | nan | nan | nan | nan | nan | nan | nan | nan | nan | nan"
12,4,2MLLC42B,40.000000,39218.216276,unknown,unknown,"Serial Communication, RS-422-2channels, модель/артикул 2MLL-C42B, кол-во 40","Serial Communication, RS-422-2channels, модель/артикул 2MLL-C42B, кол-во 40 | nan | nan | nan | nan | nan | nan | nan | nan | nan | nan | nan"
12,5,2MLID22A,21.000000,33800.437322,unknown,unknown,"16 CHANNEL DIGITAL I/P MODULE 24 VDC, модель/артикул 2MLI-D22A, кол-во 21","16 CHANNEL DIGITAL I/P MODULE 24 VDC, модель/артикул 2MLI-D22A, кол-во 21 | nan | nan | nan | nan | nan | nan | nan | nan | nan | nan | nan"
12,6,94000A1006,82.000000,32412.190245,gas_safety,unknown,"XNX 2IN PIPE MOUNTED SUNSHADE IN 316SS, модель/артикул 94000-A-1006, кол-во 82","XNX 2IN PIPE MOUNTED SUNSHADE IN 316SS, модель/артикул 94000-A-1006, кол-во 82 | nan | nan | nan | nan | nan | nan | nan | nan | nan | nan | nan"
12,7,22051E63IV,520.500000,28904.615385,unknown,unknown,"OPT DET NO ISO IVORY SFERA SB, модель/артикул 22051E-63-IV, кол-во 600","OPT DET NO ISO IVORY SFERA SB, модель/артикул 22051E-63-IV, кол-во 600 | nan | nan | nan | nan | nan | nan | nan | nan | nan | nan | nan"
12,8,2MLQTR2A,22.000000,25090.374582,unknown,unknown,"16 CHANNEL DIGITAL O/P MODULE 24 VDC, модель/артикул 2MLQ-TR2A, кол-во 22","16 CHANNEL DIGITAL O/P MODULE 24 VDC, модель/артикул 2MLQ-TR2A, кол-во 22 | nan | nan | nan | nan | nan | nan | nan | nan | nan | nan | nan"
12,9,900A010202,19.000000,23404.358974,unknown,unknown,"Universal AI -RTD, TC, V, 8 ch, модель/артикул 900A01-0202, кол-во 19","Universal AI -RTD, TC, V, 8 ch, модель/артикул 900A01-0202, кол-во 19 | nan | nan | nan | nan | nan | nan | nan | nan | nan | nan | nan"
12,10,8CPAINA1,12.000000,22216.794872,unknown,unknown,"S8 AI IOM (16), COATED, модель/артикул 8C-PAINA1, кол-во 12","S8 AI IOM (16), COATED, модель/артикул 8C-PAINA1, кол-во 12 | nan | nan | nan | nan | nan | nan | nan | nan | nan | nan | nan"
12,11,STT25H,16.000000,15691.256410,unknown,unknown,"STT3000 TEMPERATURE XMTR HART 5 PROTOCOL, модель/артикул STT25H, кол-во 16","STT3000 TEMPERATURE XMTR HART 5 PROTOCOL, модель/артикул STT25H, кол-во 16 | nan | nan | nan | nan | nan | nan | nan | nan | nan | nan | nan"
12,12,STT17H,50.000000,14297.748593,unknown,unknown,"STT3000 TEMPERATURE XMITR HART PROTOCOL, модель/артикул STT17H, кол-во 50","STT3000 TEMPERATURE XMITR HART PROTOCOL, модель/артикул STT17H, кол-во 50 | nan | nan | nan | nan | nan | nan | nan | nan | nan | nan | nan"
12,13,TC806ES1012IV,150.000000,13761.856480,fire_safety,honeywell,"Извещатель OPT DET NO ISO IVORY HONEYWELL, модель/артикул TC806ES1012-IV, кол-во 150","Извещатель OPT DET NO ISO IVORY HONEYWELL, модель/артикул TC806ES1012-IV, кол-во 150 | nan | nan | nan | nan | nan | nan | nan | nan | nan | nan | nan"
12,14,HFD6GR1,12.000000,13268.230769,unknown,unknown,"6M IR Fisheye IP Camera, модель/артикул HFD6GR1, кол-во 12","6M IR Fisheye IP Camera, модель/артикул HFD6GR1, кол-во 12 | nan | nan | nan | nan | nan | nan | nan | nan | nan | nan | nan"
12,15,B501APIV,520.500000,12993.168991,industrial_sensors,unknown,"INTELLIGENT SENSOR BASE IVORY, модель/артикул B501AP-IV, кол-во 1300","INTELLIGENT SENSOR BASE IVORY, модель/артикул B501AP-IV, кол-во 1300 | nan | nan | nan | nan | nan | nan | nan | nan | nan | nan | nan"
12,16,VR425AF10031000,25.000000,12739.822650,unknown,unknown,"SERVO-COMBI DN25 200MB 220-240V BF-E000, модель/артикул VR425AF1003-1000, кол-во 25","SERVO-COMBI DN25 200MB 220-240V BF-E000, модель/артикул VR425AF1003-1000, кол-во 25 | nan | nan | nan | nan | nan | nan | nan | nan | nan | nan | nan"
12,17,PC42TPE01313,42.000000,12508.117915,it_hardware,unknown,"KIT, PC42T Plus U,S,E, PC F, модель/артикул PC42TPE01313, кол-во 16","KIT, PC42T Plus U,S,E, PC F, модель/артикул PC42TPE01313, кол-во 16 | nan | nan | nan | nan | nan | nan | nan | nan | nan | nan | nan"
12,18,M12MSC12K316,72.000000,12327.346154,construction_supplies,unknown,"Pipe fitting, модель/артикул M12MSC1/2K-316, кол-во 72","Pipe fitting, модель/артикул M12MSC1/2K-316, кол-во 72 | nan | nan | nan | nan | nan | nan | nan | nan | nan | nan | nan"
12,19,6500MMK,120.000000,11019.947132,unknown,unknown,"ACCESS BEAM CONV/L MOUNT KIT, модель/артикул 6500-MMK, кол-во 120","ACCESS BEAM CONV/L MOUNT KIT, модель/артикул 6500-MMK, кол-во 120 | nan | nan | nan | nan | nan | nan | nan | nan | nan | nan | nan"
13,1,1010924H5,311.000000,126701.397436,unknown,unknown,"EARMUFF LEIGHTNING L3 (20EACH), модель/артикул 1010924-H5, кол-во 311","EARMUFF LEIGHTNING L3 (20EACH), модель/артикул 1010924-H5, кол-во 311 | nan | nan | nan | nan | nan | nan | nan | nan | nan | nan"
13,2,PW7K1R2,85.000000,74306.225071,unknown,unknown,"PW7000 DUAL READER BOARD, модель/артикул PW7K1R2, кол-во 85","PW7000 DUAL READER BOARD, модель/артикул PW7K1R2, кол-во 85 | nan | nan | nan | nan | nan | nan | nan | nan | nan | nan | nan"
13,3,VR425AF10031000,80.000000,40767.432479,unknown,unknown,"SERVO-COMBI DN25 200MB 220-240V BF-E000, модель/артикул VR425AF1003-1000, кол-во 80","SERVO-COMBI DN25 200MB 220-240V BF-E000, модель/артикул VR425AF1003-1000, кол-во 80 | nan | nan | nan | nan | nan | nan | nan | nan | nan | nan | nan"
13,4,DPS400,99.000000,28708.114286,it_hardware,unknown,"DPS SWITCH, 40-400PA, модель/артикул DPS400, кол-во 99","DPS SWITCH, 40-400PA, модель/артикул DPS400, кол-во 99 | nan | nan | nan | nan | nan | nan | nan | nan | nan | nan | nan"
13,5,HH400R12USB,432.000000,24417.973666,unknown,unknown,"KIT, BLACK, 2.7M, USB, Global SKU, модель/артикул HH400-R1-2USB, кол-во 432","KIT, BLACK, 2.7M, USB, Global SKU, модель/артикул HH400-R1-2USB, кол-во 432 | nan | nan | nan | nan | nan | nan | nan | nan | nan | nan | nan"
13,6,EDA51KHB2,192.000000,23556.923077,unknown,unknown,"Зарядное устройство для ТСД KIT, HB, EDA51K, EU, модель/артикул EDA51K-HB-2, кол-во 192","Зарядное устройство для ТСД KIT, HB, EDA51K, EU, модель/артикул EDA51K-HB-2, кол-во 192 | nan | nan | nan | nan | nan | nan | nan | nan | nan | nan | nan"
13,7,EDA51KHB2,188.000000,23066.153846,unknown,unknown,"Зарядное устройство для ТСД KIT, HB, EDA51K, EU, модель/артикул EDA51K-HB-2, кол-во 188","Зарядное устройство для ТСД KIT, HB, EDA51K, EU, модель/артикул EDA51K-HB-2, кол-во 188 | nan | nan | nan | nan | nan | nan | nan | nan | nan | nan | nan"
13,8,EDA61KHB2,181.000000,22446.228685,unknown,unknown,"Зарядное устройство для ТСД Home Base with EU power cord, модель/артикул EDA61K-HB-2, кол-во 181","Зарядное устройство для ТСД Home Base with EU power cord, модель/артикул EDA61K-HB-2, кол-во 181 | nan | nan | nan | nan | nan | nan | nan | nan | nan | nan | nan"
13,9,EDA51KHB2,162.000000,19876.153846,unknown,unknown,"Зарядное устройство для ТСД KIT, HB, EDA51K, EU, модель/артикул EDA51K-HB-2, кол-во 162","Зарядное устройство для ТСД KIT, HB, EDA51K, EU, модель/артикул EDA51K-HB-2, кол-во 162 | nan | nan | nan | nan | nan | nan | nan | nan | nan | nan | nan"
13,10,DPTE102,10.000000,17721.846154,unknown,unknown,"DIFF.TRANSM. 2-WIRE, 0-100Pa/250Pa, модель/артикул DPTE102, кол-во 10","DIFF.TRANSM. 2-WIRE, 0-100Pa/250Pa, модель/артикул DPTE102, кол-во 10 | nan | nan | nan | nan | nan | nan | nan | nan | nan | nan | nan"
13,11,KTCOMB25B,300.000000,17487.551282,gas_safety,unknown,"Фланец газового клапана KIT FLG. PER COMBI DN25 BULLPACK 50PZ., модель/артикул KTCOMB25B, кол-во 300","Фланец газового клапана KIT FLG. PER COMBI DN25 BULLPACK 50PZ., модель/артикул KTCOMB25B, кол-во 300 | nan | nan | nan | nan | nan | nan | nan | nan | nan | nan | nan"
13,12,H4W4PER2,67.000000,16704.578477,unknown,unknown,"IP RUG DOM 4MP H.265 TDN 2.7-13.5MM IP66, модель/артикул H4W4PER2, кол-во 67","IP RUG DOM 4MP H.265 TDN 2.7-13.5MM IP66, модель/артикул H4W4PER2, кол-во 67 | nan | nan | nan | nan | nan | nan | nan | nan | nan | nan | nan"
13,13,C60VR40040,140.000000,13779.447650,it_hardware,unknown,"MAX. PRESSURE SWITCH RANGE SETTING: 5-40, модель/артикул C60VR40040, кол-во 140","MAX. PRESSURE SWITCH RANGE SETTING: 5-40, модель/артикул C60VR40040, кол-во 140 | nan | nan | nan | nan | nan | nan | nan | nan | nan | nan | nan"
13,14,CCR30EXTENSIONLAFL829,1.000000,13508.785560,unknown,honeywell,"Шкаф под электро оборудование с компонентами Honeywell CCR30-EXTENSION-LAF/L829, модель/артикул 100100101, кол-во 1","Шкаф под электро оборудование с компонентами Honeywell CCR30-EXTENSION-LAF/L829, модель/артикул 100100101, кол-во 1 | nan | nan | nan | nan | nan | nan | nan | nan | nan | nan | nan"
13,15,MK782000C41,84.000000,13466.710059,unknown,unknown,"KIT, 7820, RS232, 240V, EU, модель/артикул MK7820-00C41, кол-во 84","KIT, 7820, RS232, 240V, EU, модель/артикул MK7820-00C41, кол-во 84 | nan | nan | nan | nan | nan | nan | nan | nan | nan | nan | nan"
13,16,CCR30EXTENSIONPI,1.000000,13368.069979,unknown,honeywell,"Шкаф под электро оборудование с компонентами Honeywell CCR30-EXTENSION-Pi, модель/артикул 100100108, кол-во 1","Шкаф под электро оборудование с компонентами Honeywell CCR30-EXTENSION-Pi, модель/артикул 100100108, кол-во 1 | nan | nan | nan | nan | nan | nan | nan | nan | nan | nan | nan"
13,17,CCR30OPTIONWHEELS,1.000000,13230.255749,unknown,honeywell,"Шкаф под электро оборудование с компонентами Honeywell CCR30-OPTION-WHEELS, модель/артикул 100100115, кол-во 1","Шкаф под электро оборудование с компонентами Honeywell CCR30-OPTION-WHEELS, модель/артикул 100100115, кол-во 1 | nan | nan | nan | nan | nan | nan | nan | nan | nan | nan | nan"
14,1,FTAC30016DIFSLIMG3S,53.000000,1501793.054482,unknown,unknown,"FTA-C300-16DI-F-SLIM-G3-S, модель/артикул 7508001858, кол-во 53","FTA-C300-16DI-F-SLIM-G3-S, модель/артикул 7508001858, кол-во 53 | nan | nan | nan | nan | nan | nan | nan | nan | nan | nan | nan"
14,2,FTAC30016DIFSLIMG3S,30.000000,850071.540273,unknown,unknown,"FTA-C300-16DI-F-SLIM-G3-S, модель/артикул 7508001857, кол-во 30","FTA-C300-16DI-F-SLIM-G3-S, модель/артикул 7508001857, кол-во 30 | nan | nan | nan | nan | nan | nan | nan | nan | nan | nan | nan"
15,1,C6097A2410B,136.500000,921170.282407,gas_safety,unknown,"GAS PRESS SW 1/4» 100-500MB PG11 20PCS, модель/артикул C6097A2410B, кол-во 36","GAS PRESS SW 1/4» 100-500MB PG11 20PCS, модель/артикул C6097A2410B, кол-во 36 | nan | nan | nan | nan | nan | nan | nan | nan | nan | nan | nan"
16,1,RA100Z,546.300000,33241.438218,unknown,unknown,"Индикатор выносной REMOTE INDICATOR, модель/артикул RA100Z, кол-во 800","Индикатор выносной REMOTE INDICATOR, модель/артикул RA100Z, кол-во 800 | nan | nan | nan | nan | nan | nan | nan | nan | nan | nan | nan"
16,2,CN80HBCNV0,55.000000,18354.766799,unknown,unknown,"CN80 HOME BASE, модель/артикул CN80-HB-CNV-0, кол-во 55","CN80 HOME BASE, модель/артикул CN80-HB-CNV-0, кол-во 55 | nan | nan | nan | nan | nan | nan | nan | nan | nan | nan | nan"
16,3,FX808332,55.000000,15721.314611,fire_safety,esser,"Loop card esserbus/esserbus-PL, модель/артикул FX808332, кол-во 55","Loop card esserbus/esserbus-PL, модель/артикул FX808332, кол-во 55 | nan | nan | nan | nan | nan | nan | nan | nan | nan | nan | nan"
16,4,XJ10007000000,5.000000,14949.305556,unknown,unknown,"MP COMPACT 4 MOBILE 203 DPI, DC, модель/артикул XJ1-00-07000000, кол-во 5","MP COMPACT 4 MOBILE 203 DPI, DC, модель/артикул XJ1-00-07000000, кол-во 5 | nan | nan | nan | nan | nan | nan | nan | nan | nan | nan | nan"
16,5,ROL15276104,218.000000,14693.220143,unknown,unknown,"KIT, PLATEN ROLLER-KA10, модель/артикул ROL15-2761-04, кол-во 218","KIT, PLATEN ROLLER-KA10, модель/артикул ROL15-2761-04, кол-во 218 | nan | nan | nan | nan | nan | nan | nan | nan | nan | nan | nan"
16,6,FX808324,11.000000,14484.500000,unknown,unknown,"Display and operating unit w., модель/артикул FX808324, кол-во 11","Display and operating unit w., модель/артикул FX808324, кол-во 11 | nan | nan | nan | nan | nan | nan | nan | nan | nan | nan | nan"
16,7,H4W4GR1Y,15.000000,14033.630952,unknown,unknown,"4MP WDR IP Outdoor Dome IR,2.7~13.5mm MF, модель/артикул H4W4GR1Y, кол-во 15","4MP WDR IP Outdoor Dome IR,2.7~13.5mm MF, модель/артикул H4W4GR1Y, кол-во 15 | nan | nan | nan | nan | nan | nan | nan | nan | nan | nan | nan"
16,8,FX808431,11.000000,13821.796154,unknown,unknown,"Heavy weight drawer f. power, модель/артикул FX808431, кол-во 11","Heavy weight drawer f. power, модель/артикул FX808431, кол-во 11 | nan | nan | nan | nan | nan | nan | nan | nan | nan | nan | nan"
16,9,EDA61KHB2,100.000000,12401.231318,unknown,unknown,"Зарядное устройство для ТСД Home Base with EU power cord, модель/артикул EDA61K-HB-2, кол-во 100","Зарядное устройство для ТСД Home Base with EU power cord, модель/артикул EDA61K-HB-2, кол-во 100 | nan | nan | nan | nan | nan | nan | nan | nan | nan | nan | nan"
16,10,PW5K1ENC3E,28.000000,11993.226205,unknown,unknown,"PW-5000 TILE MOUNT REMOTE ENCLOSURE EU V, модель/артикул PW5K1ENC3E, кол-во 28","PW-5000 TILE MOUNT REMOTE ENCLOSURE EU V, модель/артикул PW5K1ENC3E, кол-во 28 | nan | nan | nan | nan | nan | nan | nan | nan | nan | nan | nan"
16,11,FX808431,9.000000,11308.742308,unknown,unknown,"Heavy weight drawer f. power, модель/артикул FX808431, кол-во 9","Heavy weight drawer f. power, модель/артикул FX808431, кол-во 9 | nan | nan | nan | nan | nan | nan | nan | nan | nan | nan | nan"
16,12,CWSSRBS8,192.000000,9747.692308,unknown,unknown,"SBEACON-RED-RED LENS-FF, модель/артикул CWSS-RB-S8, кол-во 192","SBEACON-RED-RED LENS-FF, модель/артикул CWSS-RB-S8, кол-во 192 | nan | nan | nan | nan | nan | nan | nan | nan | nan | nan | nan"
17,1,TPC1881WP473AE,864.000000,1459873.038462,it_hardware,unknown,"Advantech Computer, модель/артикул TPC-1881WP-473AE, кол-во 1","Advantech Computer, модель/артикул TPC-1881WP-473AE, кол-во 1 | nan | nan | nan | nan | nan | nan | nan | nan | nan | nan | nan"
17,2,1472G2D2USB5R,864.000000,441352.417696,unknown,unknown,"Сканер штрих-кода EMEA KIT,1472G2D SCN USB, CCB, BLK,CRDLESS, модель/артикул 1472G2D-2USB-5-R, кол-во 267","Сканер штрих-кода EMEA KIT,1472G2D SCN USB, CCB, BLK,CRDLESS, модель/артикул 1472G2D-2USB-5-R, кол-во 267 | nan | nan | nan | nan | nan | nan | nan | nan | nan | nan | nan"
17,3,EDA511B663SQGRK,462.000000,265989.269231,unknown,unknown,"ТСД KIТ, EDA51, WAN, 6603, 13M,4/64G, Q-GMS, ROW, модель/артикул EDA51-1-B663SQGRK, кол-во 462","ТСД KIТ, EDA51, WAN, 6603, 13M,4/64G, Q-GMS, ROW, модель/артикул EDA51-1-B663SQGRK, кол-во 462 | nan | nan | nan | nan | nan | nan | nan | nan | nan | nan"
17,4,EDA51K0B931SQGRK,400.000000,161044.509689,unknown,unknown,"ТСД KIT, EDA51K, LAN, 6703, 13M, 3/32, Q, GMS, ROW, модель/артикул EDA51K-0-B931SQGRK, кол-во 400","ТСД KIT, EDA51K, LAN, 6703, 13M, 3/32, Q, GMS, ROW, модель/артикул EDA51K-0-B931SQGRK, кол-во 400 | nan | nan | nan | nan | nan | nan | nan | nan | nan | nan | nan"
17,5,EDA50K0C121NGRR,288.000000,111067.682438,unknown,unknown,"ТСД KIT, EDA50K, WLАN, BT4.0,2/16, N, GMS, ROW, RU, модель/артикул EDA50K-0-C121NGRR, кол-во 288","ТСД KIT, EDA50K, WLАN, BT4.0,2/16, N, GMS, ROW, RU, модель/артикул EDA50K-0-C121NGRR, кол-во 288 | nan | nan | nan | nan | nan | nan | nan | nan | nan | nan | nan"
17,6,EDA50K0C121NGRR,288.000000,111067.682438,unknown,unknown,"ТСД KIT, EDA50K, WLAN, BT4.0,2/16, N, GMS, ROW, RU, модель/артикул EDA50K-0-C121NGRR, кол-во 288","ТСД KIT, EDA50K, WLAN, BT4.0,2/16, N, GMS, ROW, RU, модель/артикул EDA50K-0-C121NGRR, кол-во 288 | nan | nan | nan | nan | nan | nan | nan | nan | nan | nan | nan"
18,1,50137160005FRE,472.950000,1208787.371795,it_hardware,unknown,"FRE, PCBA, SCANNER, MAIN BOARD, 8680I, мод./арт. 50137160-005FRE, кол. 22","FRE, PCBA, SCANNER, MAIN BOARD, 8680I, мод./арт. 50137160-005FRE, кол. 22 | nan | nan | nan | nan | nan | nan | nan | nan | nan | nan | nan"
18,2,50149819002FRE,472.950000,1199175.384615,it_hardware,unknown,"FRE,PCBA, MAIN BOARD, 8680I VE, мод./арт. 50149819-002FRE, кол. 5","FRE,PCBA, MAIN BOARD, 8680I VE, мод./арт. 50149819-002FRE, кол. 5 | nan | nan | nan | nan | nan | nan | nan | nan | nan | nan | nan"
18,3,50140349003FRE,472.950000,1110335.213675,it_hardware,unknown,"FRE, FPC,BATTERY,8680I, мод./арт. 50140349-003FRE, кол. 9","FRE, FPC,BATTERY,8680I, мод./арт. 50140349-003FRE, кол. 9 | nan | nan | nan | nan | nan | nan | nan | nan | nan | nan | nan"
18,4,50149821001FRE,472.950000,1110335.213675,it_hardware,unknown,"FRE,FPC, ASSEMBLY BATTERY, 8680I VE, мод./арт. 50149821-001FRE, кол. 15","FRE,FPC, ASSEMBLY BATTERY, 8680I VE, мод./арт. 50149821-001FRE, кол. 15 | nan | nan | nan | nan | nan | nan | nan | nan | nan | nan | nan"
18,5,50155794001FRE,472.950000,761782.205128,it_hardware,unknown,"FRE,ASSY,PCB S/A, 1990I XR CORDED, MB, мод./арт. 50155794-001FRE, кол. 5","FRE,ASSY,PCB S/A, 1990I XR CORDED, MB, мод./арт. 50155794-001FRE, кол. 5 | nan | nan | nan | nan | nan | nan | nan | nan | nan | nan | nan"
18,6,50145863003FRE,472.950000,757952.884615,it_hardware,unknown,"FRE, PCB S/A, 1980I, CORDED, MAIN,FOR VE, мод./арт. 50145863-003FRE, кол. 4","FRE, PCB S/A, 1980I, CORDED, MAIN,FOR VE, мод./арт. 50145863-003FRE, кол. 4 | nan | nan | nan | nan | nan | nan | nan | nan | nan | nan | nan"
19,1,MS7820118,4380.000000,280717.948718,unknown,unknown,"Сканер штрих-кода, модель/артикул ms7820-118, кол-во 1","Сканер штрих-кода, модель/артикул ms7820-118, кол-во 1 | nan | nan | nan | nan | nan | nan | nan | nan | nan | nan | nan"
19,2,PM43A11000040302,43.000000,154910.633603,it_hardware,unknown,"PM43, FT, ROW, ETH, HGR, REW+LTS, TT300, EU PC, модель/артикул PM43A11000040302, кол-во 5","PM43, FT, ROW, ETH, HGR, REW+LTS, TT300, EU PC, модель/артикул PM43A11000040302, кол-во 5 | nan | nan | nan | nan | nan | nan | nan | nan | nan | nan | nan"
19,3,PM43A11000040302,43.000000,154910.633603,it_hardware,unknown,"PM43, FT, ROW, ETH, HGR, REW+LTS, TT300, EU PC, модель/артикул PM43A11000040302, кол-во 9","PM43, FT, ROW, ETH, HGR, REW+LTS, TT300, EU PC, модель/артикул PM43A11000040302, кол-во 9 | nan | nan | nan | nan | nan | nan | nan | nan | nan | nan | nan"
19,4,PM43A11000040302,43.000000,154910.633603,it_hardware,unknown,"PM43, FT, ROW, ETH, HGR, REW+LTS, TT300, EU PC, модель/артикул PM43A11000040302, кол-во 3","PM43, FT, ROW, ETH, HGR, REW+LTS, TT300, EU PC, модель/артикул PM43A11000040302, кол-во 3 | nan | nan | nan | nan | nan | nan | nan | nan | nan | nan | nan"
19,5,PM43A11000000202,43.000000,102855.448718,it_hardware,unknown,"PM43, FT, ROW, ETH, HGR, TT203, EU PC, модель/артикул PM43A11000000202, кол-во 3","PM43, FT, ROW, ETH, HGR, TT203, EU PC, модель/артикул PM43A11000000202, кол-во 3 | nan | nan | nan | nan | nan | nan | nan | nan | nan | nan | nan"
19,6,MS3580,3580.000000,93424.230769,unknown,unknown,"Сканер штрих-кода стационарный, модель/артикул ms3580, кол-во 4","Сканер штрих-кода стационарный, модель/артикул ms3580, кол-во 4 | nan | nan | nan | nan | nan | nan | nan | nan | nan | nan | nan"
19,7,YJHF50011USB,648.000000,71806.370790,unknown,unknown,"KIT, SCANNER YJ-HF500, BLACK, 1.5M, USB, модель/артикул YJ-HF500-1-1USB, кол-во 648","KIT, SCANNER YJ-HF500, BLACK, 1.5M, USB, модель/артикул YJ-HF500-1-1USB, кол-во 648 | nan | nan | nan | nan | nan | nan | nan | nan | nan | nan | nan"
20,1,ATR03COLUMN340COMPLETE,129.000000,467589.488445,unknown,unknown,"ATR-03-COLUMN-340-COMPLETE, модель/артикул 65875747, кол-во 129","ATR-03-COLUMN-340-COMPLETE, модель/артикул 65875747, кол-во 129 | nan | nan | nan | nan | nan | nan | nan | nan | nan | nan | nan"
20,2,M5ARP02FGK01301,426.000000,123133.666667,industrial_sensors,unknown,"S/SENSOR PROTOCOL-ISOLATION-GL1140-F222, модель/артикул M5A-RP02FG-K013-01, кол-во 426","S/SENSOR PROTOCOL-ISOLATION-GL1140-F222, модель/артикул M5A-RP02FG-K013-01, кол-во 426 | nan | nan | nan | nan | nan | nan | nan | nan | nan | nan | nan"
21,1,ESMI22051EI,300.000000,45814.153846,fire_safety,unknown,"Извещатель OPT DET ISOLATOR ESMI, модель/артикул ESMI22051EI, кол-во 300","Извещатель OPT DET ISOLATOR ESMI, модель/артикул ESMI22051EI, кол-во 300 | nan | nan | nan | nan | nan | nan | nan | nan | nan | nan | nan"
21,2,OKP2N34,2160.000000,38703.179487,unknown,unknown,"Бесконтактная смарт карта CARD SMART PVC OMNICLASS CARD, модель/артикул OKP2N34, кол-во 3600","Бесконтактная смарт карта CARD SMART PVC OMNICLASS CARD, модель/артикул OKP2N34, кол-во 3600 | nan | nan | nan | nan | nan | nan | nan | nan | nan | nan | nan"
21,3,H3W4GR1Y,51.000000,34701.443182,unknown,unknown,"4MP WDR IP Indoor Dome IR, 2.7~13.5mm MFZ, модель/артикул H3W4GR1Y, кол-во 51","4MP WDR IP Indoor Dome IR, 2.7~13.5mm MFZ, модель/артикул H3W4GR1Y, кол-во 51 | nan | nan | nan | nan | nan | nan | nan | nan | nan | nan | nan"
21,4,VMU400A1010,24.000000,29721.326923,unknown,unknown,"VENTURI 400 KW + KTSERVF1 + KTVIT001, модель/артикул VMU400A1010, кол-во 24","VENTURI 400 KW + KTSERVF1 + KTVIT001, модель/артикул VMU400A1010, кол-во 24 | nan | nan | nan | nan | nan | nan | nan | nan | nan | nan | nan"
21,5,H4W4PER2V,109.000000,27176.100995,unknown,unknown,"4MP Dome, 2.7-13.5mm, MFZ, H.265, PoE, IP66, модель/артикул H4W4PER2V, кол-во 109","4MP Dome, 2.7-13.5mm, MFZ, H.265, PoE, IP66, модель/артикул H4W4PER2V, кол-во 109 | nan | nan | nan | nan | nan | nan | nan | nan | nan | nan | nan"
21,6,STND15F030096,720.000000,16503.728632,unknown,unknown,"STAND, 6 INCH FLEX, 1250G, модель/артикул STND-15F03-009-6, кол-во 720","STAND, 6 INCH FLEX, 1250G, модель/артикул STND-15F03-009-6, кол-во 720 | nan | nan | nan | nan | nan | nan | nan | nan | nan | nan | nan"
21,7,TM9910,55.000000,16022.217949,unknown,unknown,"Краска cds-Durit / Rapid 0,75, модель/артикул TM9910 13657, кол-во 55","Краска cds-Durit / Rapid 0,75, модель/артикул TM9910 13657, кол-во 55 | nan | nan | nan | nan | nan | nan | nan | nan | nan | nan | nan"
21,8,PC42TPE01313,42.000000,12508.117915,it_hardware,unknown,"KIT, PC42T Plus U,S,E, PC F, модель/артикул PC42TPE01313, кол-во 18","KIT, PC42T Plus U,S,E, PC F, модель/артикул PC42TPE01313, кол-во 18 | nan | nan | nan | nan | nan | nan | nan | nan | nan | nan | nan"
21,9,H3W4GR1Y,18.000000,12247.568182,unknown,unknown,"4MP WDR IP Indoor Dome IR, 2.7~13.5mm MFZ, модель/артикул H3W4GR1Y, кол-во 18","4MP WDR IP Indoor Dome IR, 2.7~13.5mm MFZ, модель/артикул H3W4GR1Y, кол-во 18 | nan | nan | nan | nan | nan | nan | nan | nan | nan | nan | nan"
21,10,EA2001E005A00,32.000000,11328.260022,unknown,unknown,"Термотрансферный принтер EA2-00-1E005A00, модель/артикул EA2-00-1E005A00, кол-во 32","Термотрансферный принтер EA2-00-1E005A00, модель/артикул EA2-00-1E005A00, кол-во 32 | nan | nan | nan | nan | nan | nan | nan | nan | nan | nan | nan"
21,11,FX808394,2.000000,8419.128205,unknown,unknown,"FACP FlexES Control FX10/10, модель/артикул FX808394, кол-во 2","FACP FlexES Control FX10/10, модель/артикул FX808394, кол-во 2 | nan | nan | nan | nan | nan | nan | nan | nan | nan | nan | nan"
21,12,ASD2V3COMPLETE,59.000000,7833.856227,unknown,unknown,"ASD2/V3-COMPLETE, модель/артикул 65878482, кол-во 59","ASD2/V3-COMPLETE, модель/артикул 65878482, кол-во 59 | nan | nan | nan | nan | nan | nan | nan | nan | nan | nan | nan"
21,13,KA30006000007,5.000000,7738.397436,unknown,unknown,"M-CLASS 4308 MARK II PRINTER, модель/артикул KA3-00-06000007, кол-во 5","M-CLASS 4308 MARK II PRINTER, модель/артикул KA3-00-06000007, кол-во 5 | nan | nan | nan | nan | nan | nan | nan | nan | nan | nan | nan"
21,14,KA30006000007,5.000000,7738.397436,unknown,unknown,"M-CLASS 4308 MARK II PRINTER, модель/артикул KA3-00-06000007, кол-во 5","M-CLASS 4308 MARK II PRINTER, модель/артикул KA3-00-06000007, кол-во 5 | nan | nan | nan | nan | nan | nan | nan | nan | nan | nan | nan"
22,1,SV1QF3JX,485.000000,783834.615385,it_hardware,unknown,"PCI Bus W/DH + DH485 1C, модель/артикул SV1QF3JX, кол-во 1","PCI Bus W/DH + DH485 1C, модель/артикул SV1QF3JX, кол-во 1 | nan | nan | nan | nan | nan | nan | nan | nan | nan | nan | nan"
23,1,CK65BTSC,100.000000,63332.692308,unknown,unknown,"CK65-BTSC, BATT, 3.6V, 6800MAH, EXT, EDA61K, модель/артикул 50149348-001, кол-во 100","CK65-BTSC, BATT, 3.6V, 6800MAH, EXT, EDA61K, модель/артикул 50149348-001, кол-во 100 | nan | nan | nan | nan | nan | nan | nan | nan | nan | nan | nan"
23,2,OPT78273801,70.000000,30680.358974,unknown,unknown,"CUTTER OPTION, модель/артикул OPT78-2738-01, кол-во 70","CUTTER OPTION, модель/артикул OPT78-2738-01, кол-во 70 | nan | nan | nan | nan | nan | nan | nan | nan | nan | nan | nan"
23,3,8680I3002,75.000000,28344.458763,unknown,unknown,"KIT, WEARABLE MINI MOBILE, STD, GMT, модель/артикул 8680I300-2, кол-во 75","KIT, WEARABLE MINI MOBILE, STD, GMT, модель/артикул 8680I300-2, кол-во 75 | nan | nan | nan | nan | nan | nan | nan | nan | nan | nan | nan"
23,4,CK65BTSC,39.000000,24699.750000,unknown,unknown,"CK65-BTSC, LI-ION BATTERY, CK65 NI/ATEX, модель/артикул 318-063-003, кол-во 39","CK65-BTSC, LI-ION BATTERY, CK65 NI/ATEX, модель/артикул 318-063-003, кол-во 39 | nan | nan | nan | nan | nan | nan | nan | nan | nan | nan | nan"
23,5,VM3W2M3A2BET1HA1,4.000000,24680.879121,unknown,unknown,"VM3W4x128, OT, WN, EX, ET, W102016NO, UB, A, модель/артикул VM3W2M3A2BET1HA1, кол-во 4","VM3W4x128, OT, WN, EX, ET, W102016NO, UB, A, модель/артикул VM3W2M3A2BET1HA1, кол-во 4 | nan | nan | nan | nan | nan | nan | nan | nan | nan | nan | nan"
23,6,94000A1017,20.000000,23006.564103,unknown,unknown,"XL SUNSHADE KIT, модель/артикул 94000-A-1017, кол-во 20","XL SUNSHADE KIT, модель/артикул 94000-A-1017, кол-во 20 | nan | nan | nan | nan | nan | nan | nan | nan | nan | nan | nan"
23,7,CBL500300S00,300.000000,21388.236994,unknown,unknown,"Кабель CABLE, USB TYPE A, STRAIGHT, 3M, модель/артикул CBL-500-300-S00, кол-во 1184","Кабель CABLE, USB TYPE A, STRAIGHT, 3M, модель/артикул CBL-500-300-S00, кол-во 1184 | nan | nan | nan | nan | nan | nan | nan | nan | nan | nan | nan"
23,8,HEPZ302W0,1.000000,21178.051282,unknown,unknown,"Explosion-proof Camera, модель/артикул HEPZ302W0_DEMO, кол-во 1","Explosion-proof Camera, модель/артикул HEPZ302W0_DEMO, кол-во 1 | nan | nan | nan | nan | nan | nan | nan | nan | nan | nan | nan"
23,9,VM1AL0N1B1A20E,5.000000,19539.833333,unknown,unknown,"VM1A,4/32,INR,EXT,CP,AND,GMS,ET, модель/артикул VM1A-L0N-1B1A20E, кол-во 5","VM1A,4/32,INR,EXT,CP,AND,GMS,ET, модель/артикул VM1A-L0N-1B1A20E, кол-во 5 | nan | nan | nan | nan | nan | nan | nan | nan | nan | nan | nan"
23,10,RT10WL1018C12E0E,4.000000,18813.538462,unknown,unknown,"RT10W, WWAN, IN, 6803, CAM, EXT, WT19, WM, модель/артикул RT10W-L10-18C12E0E, кол-во 4","RT10W, WWAN, IN, 6803, CAM, EXT, WT19, WM, модель/артикул RT10W-L10-18C12E0E, кол-во 4 | nan | nan | nan | nan | nan | nan | nan | nan | nan | nan | nan"
23,11,TM9910,55.000000,16022.217949,unknown,unknown,"Cds-Durit / Rapid, модель/артикул TM9910, кол-во 55","Cds-Durit / Rapid, модель/артикул TM9910, кол-во 55 | nan | nan | nan | nan | nan | nan | nan | nan | nan | nan | nan"
23,12,RP4A0000C32,11.000000,15404.358974,unknown,unknown,"NEW RP4 BT WLAN ROW COMBO BATTERY, модель/артикул RP4A0000C32, кол-во 11","NEW RP4 BT WLAN ROW COMBO BATTERY, модель/артикул RP4A0000C32, кол-во 11 | nan | nan | nan | nan | nan | nan | nan | nan | nan | nan | nan"
23,13,CN80L0N2MC120E,4.000000,14945.243590,unknown,unknown,"CN80, 3/32, QWR, EX20, CAM, WLAN, AG, CP, ST, WW, модель/артикул CN80-L0N-2MC120E, кол-во 4","CN80, 3/32, QWR, EX20, CAM, WLAN, AG, CP, ST, WW, модель/артикул CN80-L0N-2MC120E, кол-во 4 | nan | nan | nan | nan | nan | nan | nan | nan | nan | nan | nan"
23,14,PHD20226701,100.000000,14842.666667,unknown,unknown,"PRINT HEAD 203 DPI E-CLASS M2, модель/артикул PHD20-2267-01, кол-во 100","PRINT HEAD 203 DPI E-CLASS M2, модель/артикул PHD20-2267-01, кол-во 100 | nan | nan | nan | nan | nan | nan | nan | nan | nan | nan | nan"
23,15,RT10WL1018C12E0E,3.000000,14110.153846,unknown,unknown,"RT10W, WWAN, IN, 6803, CAM, EXT, WT19, WM, модель/артикул RT10W-L10-18C12E0E, кол-во 3","RT10W, WWAN, IN, 6803, CAM, EXT, WT19, WM, модель/артикул RT10W-L10-18C12E0E, кол-во 3 | nan | nan | nan | nan | nan | nan | nan | nan | nan | nan | nan"
23,16,CN80L1N5EC210E,4.000000,13414.089744,unknown,unknown,"CN80, 4/32, NUM, 663E, CAM, WWAN, AN, NC, ST, WW, модель/артикул CN80-L1N-5EC210E, кол-во 4","CN80, 4/32, NUM, 663E, CAM, WWAN, AN, NC, ST, WW, модель/артикул CN80-L1N-5EC210E, кол-во 4 | nan | nan | nan | nan | nan | nan | nan | nan | nan | nan | nan"
23,17,BATSCN02,239.000000,13161.178817,unknown,unknown,"Аккумулятор 8680I WEARABLE SCANNER EXTENDED BATTERY, модель/артикул BAT-SCN02, кол-во 239","Аккумулятор 8680I WEARABLE SCANNER EXTENDED BATTERY, модель/артикул BAT-SCN02, кол-во 239 | nan | nan | nan | nan | nan | nan | nan | nan | nan | nan | nan"
23,18,715564S004,75.000000,13055.015182,unknown,unknown,"Housing,Bottom Potted CN70, модель/артикул 715-564S-004, кол-во 75","Housing,Bottom Potted CN70, модель/артикул 715-564S-004, кол-во 75 | nan | nan | nan | nan | nan | nan | nan | nan | nan | nan | nan"
24,1,50152386002FRE,388.800000,761782.205128,it_hardware,unknown,"FRE, ASSY, PCBA, 1990I SR CORDED MB, модель/артикул 50152386-002FRE, кол-во 5","FRE, ASSY, PCBA, 1990I SR CORDED MB, модель/артикул 50152386-002FRE, кол-во 5 | nan | nan | nan | nan | nan | nan | nan | nan | nan | nan | nan"
24,2,50132401022FRE,388.800000,710801.538462,it_hardware,unknown,"FRE PCB / ENGINE ASSY, 5145VE, USB, модель/артикул 50132401-022FRE, кол-во 5","FRE PCB / ENGINE ASSY, 5145VE, USB, модель/артикул 50132401-022FRE, кол-во 5 | nan | nan | nan | nan | nan | nan | nan | nan | nan | nan | nan"
24,3,50146035001FRE,388.800000,271229.538462,it_hardware,unknown,"FRE PCBA, 9540VE-38 RX111 MAIN BOARD, модель/артикул 50146035-001FRE, кол-во 5","FRE PCBA, 9540VE-38 RX111 MAIN BOARD, модель/артикул 50146035-001FRE, кол-во 5 | nan | nan | nan | nan | nan | nan | nan | nan | nan | nan | nan"
24,4,50146037001FRE,388.800000,271229.538462,it_hardware,unknown,"FRE PCBA, 9540VE-41 RX111 MAIN BOARD, модель/артикул 50146037-001FRE, кол-во 5","FRE PCBA, 9540VE-41 RX111 MAIN BOARD, модель/артикул 50146037-001FRE, кол-во 5 | nan | nan | nan | nan | nan | nan | nan | nan | nan | nan | nan"
25,1,PDP04,1.000000,128785.282051,unknown,unknown,"Шкаф распределения питания в сборе, модель/артикул PDP04, кол-во 1","Шкаф распределения питания в сборе, модель/артикул PDP04, кол-во 1 | nan | nan | nan | nan | nan | nan | nan | nan | nan | nan | nan"
25,2,PDP04,1.000000,128785.282051,unknown,unknown,"Шкаф распределения питания в сборе, модель/артикул PDP04, кол-во 1","Шкаф распределения питания в сборе, модель/артикул PDP04, кол-во 1 | nan | nan | nan | nan | nan | nan | nan | nan | nan | nan | nan"
25,3,HNMPE128C144T12R6,1.000000,72847.410256,unknown,unknown,"Maxpro NVR PE 128 Ch, 12x12TB, RAID6, модель/артикул HNMPE128C144T12R6, кол-во 1","Maxpro NVR PE 128 Ch, 12x12TB, RAID6, модель/артикул HNMPE128C144T12R6, кол-во 1 | nan | nan | nan | nan | nan | nan | nan | nan | nan | nan | nan"
25,4,MCXLXW00YRU,60.000000,27076.245859,gas_safety,unknown,"MCXL - O2/LEL - Yellow - RU, модель/артикул MCXL-XW00-Y-RU, кол-во 60","MCXL - O2/LEL - Yellow - RU, модель/артикул MCXL-XW00-Y-RU, кол-во 60 | nan | nan | nan | nan | nan | nan | nan | nan | nan | nan | nan"
25,5,C8800,3.000000,22210.447964,unknown,unknown,"Loading System MkII Base without column, модель/артикул C8800, кол-во 3","Loading System MkII Base without column, модель/артикул C8800, кол-во 3 | nan | nan | nan | nan | nan | nan | nan | nan | nan | nan | nan"
26,1,1470G,10500.000000,726562.682331,unknown,unknown,"Этикетка, предназначена для маркировки готовой продукции — сканеров Voyager 1470G, модель/артикул 50152077-011, кол-во 46576","Этикетка, предназначена для маркировки готовой продукции — сканеров Voyager 1470G, модель/артикул 50152077-011, кол-во 46576 | nan | nan | nan | nan | nan | nan | nan | nan | nan | nan | nan"
26,2,470G1472G,2400.000000,502104.142012,unknown,unknown,"Элемент корпуса сканера 470g/1472g, модель/артикул 50159783-001, кол-во 2400","Элемент корпуса сканера 470g/1472g, модель/артикул 50159783-001, кол-во 2400 | nan | nan | nan | nan | nan | nan | nan | nan | nan | nan | nan"
27,1,1470G,11002.000000,171625.786478,unknown,unknown,"Паспорт вкладыш для сканера 1470G, модель/артикул 50147897-002, кол-во 11002","Паспорт вкладыш для сканера 1470G, модель/артикул 50147897-002, кол-во 11002 | nan | nan | nan | nan | nan | nan | nan | nan | nan | nan | nan"
27,2,1450G,7140.000000,131110.476190,unknown,unknown,"Крышка нижняя для сканера 1450G, модель/артикул 50119423-001, кол-во 7140","Крышка нижняя для сканера 1450G, модель/артикул 50119423-001, кол-во 7140 | nan | nan | nan | nan | nan | nan | nan | nan | nan | nan | nan"
27,3,MCXV0000Y00,193.000000,67157.868845,unknown,unknown,"Портативный детектор Microclip Xl, модель/артикул MCXV0000-Y-00, кол-во 193","Портативный детектор Microclip Xl, модель/артикул MCXV0000-Y-00, кол-во 193 | nan | nan | nan | nan | nan | nan | nan | nan | nan | nan | nan"
27,4,1470G1472G,1920.000000,63941.439785,unknown,unknown,"Элемент корпуса сканера 1470g/1472g, модель/артикул 50159783-001, кол-во 1920","Элемент корпуса сканера 1470g/1472g, модель/артикул 50159783-001, кол-во 1920 | nan | nan | nan | nan | nan | nan | nan | nan | nan | nan | nan"
27,5,50147862003R,1470.000000,60761.965412,unknown,unknown,"Основная печатная плата сканера штрих кодов серии 1470, модель/артикул 50147862-003-R, кол-во 1250","Основная печатная плата сканера штрих кодов серии 1470, модель/артикул 50147862-003-R, кол-во 1250 | nan | nan | nan | nan | nan | nan | nan | nan | nan | nan | nan"
27,6,1450G,3200.000000,58760.997732,unknown,honeywell,"Крышка для сканера honeywell 1450g, модель/артикул 50121436-001, кол-во 3200","Крышка для сканера honeywell 1450g, модель/артикул 50121436-001, кол-во 3200 | nan | nan | nan | nan | nan | nan | nan | nan | nan | nan | nan"
27,7,EDA51,1000.000000,46460.631800,unknown,unknown,"Кнопка сканирования EDA51, серая, модель/артикул 50141268-001, кол-во 1000","Кнопка сканирования EDA51, серая, модель/артикул 50141268-001, кол-во 1000 | nan | nan | nan | nan | nan | nan | nan | nan | nan | nan | nan"
27,8,CBL500150S00,2800.000000,38894.871795,unknown,honeywell,"Кабель HONEYWELL, USB TYPE A, 1.5 METERS, FOR 1400G, модель/артикул CBL-500-150-S00, кол-во 2800","Кабель HONEYWELL, USB TYPE A, 1.5 METERS, FOR 1400G, модель/артикул CBL-500-150-S00, кол-во 2800 | nan | nan | nan | nan | nan | nan | nan | nan | nan | nan | nan"
27,9,CBL500150S00,2800.000000,38894.871795,unknown,honeywell,"Кабель, Honeywell, Usb Type A, 1.5 метра для 1400G, модель/артикул CBL500-150-S00, кол-во 2800","Кабель, Honeywell, Usb Type A, 1.5 метра для 1400G, модель/артикул CBL500-150-S00, кол-во 2800 | nan | nan | nan | nan | nan | nan | nan | nan | nan | nan | nan"
27,10,CBL500150S00,2700.000000,37505.769231,unknown,honeywell,"Кабель HONEYWELL, USB TYPE A, 1.5 METERS, FOR 1400G, модель/артикул CBL-500-150-S00, кол-во 2700","Кабель HONEYWELL, USB TYPE A, 1.5 METERS, FOR 1400G, модель/артикул CBL-500-150-S00, кол-во 2700 | nan | nan | nan | nan | nan | nan | nan | nan | nan | nan | nan"
27,11,EDA51,800.000000,37168.505440,unknown,unknown,"Кнопка вкл/выкл EDA51, модель/артикул 50141267-001, кол-во 800","Кнопка вкл/выкл EDA51, модель/артикул 50141267-001, кол-во 800 | nan | nan | nan | nan | nan | nan | nan | nan | nan | nan | nan"
28,1,1470G,11000.000000,171594.587462,unknown,unknown,"Паспорт изделия 1470G, модель/артикул 50147897-002, кол-во 11000","Паспорт изделия 1470G, модель/артикул 50147897-002, кол-во 11000 | nan | nan | nan | nan | nan | nan | nan | nan | nan | nan | nan"
28,2,1470G1472G,3360.000000,111897.519623,unknown,unknown,"Элемент корпуса сканера 1470G/1472G (компонент для сборки), модель/артикул 50159783-001, кол-во 3360","Элемент корпуса сканера 1470G/1472G (компонент для сборки), модель/артикул 50159783-001, кол-во 3360 | nan | nan | nan | nan | nan | nan | nan | nan | nan | nan | nan"
28,3,50147862003R,1470.000000,60761.965412,unknown,unknown,"Основная печатная плата сканера штрих кодов серии 1470, модель/артикул 50147862-003-R, кол-во 2450","Основная печатная плата сканера штрих кодов серии 1470, модель/артикул 50147862-003-R, кол-во 2450 | nan | nan | nan | nan | nan | nan | nan | nan | nan | nan | nan"
28,4,50147862003R,1470.000000,60761.965412,unknown,unknown,"Основная печатная плата сканера штрих кодов серии 1470, модель/артикул 50147862-003-R, кол-во 451","Основная печатная плата сканера штрих кодов серии 1470, модель/артикул 50147862-003-R, кол-во 451 | nan | nan | nan | nan | nan | nan | nan | nan | nan | nan | nan"
28,5,CBL500150S00,2800.000000,38894.871795,unknown,honeywell,"Кабель Honeywell, Usb Type A, 1.5 Meters, For 1400G, модель/артикул CBL500-150-S00, кол-во 2800","Кабель Honeywell, Usb Type A, 1.5 Meters, For 1400G, модель/артикул CBL500-150-S00, кол-во 2800 | nan | nan | nan | nan | nan | nan | nan | nan | nan | nan | nan"
29,1,MCXV0000Y00,372.000000,129444.182437,gas_safety,unknown,"Многокомпонентный портативный газовый детектор MICROCLIP XL желтый, модель/артикул MCXV0000-Y-00, кол-во 372","Многокомпонентный портативный газовый детектор MICROCLIP XL желтый, модель/артикул MCXV0000-Y-00, кол-во 372 | nan | nan | nan | nan | nan | nan | nan | nan | nan | nan | nan"
29,2,S080045000,14000.000000,74248.112456,fire_safety,unknown,"Сетчатый экран пожарного извещателя ECO 1000, модель/артикул S08-0045-000, кол-во 14000","Сетчатый экран пожарного извещателя ECO 1000, модель/артикул S08-0045-000, кол-во 14000 | nan | nan | nan | nan | nan | nan | nan | nan | nan | nan"
30,1,M200EEOLR,11530.000000,412200.845212,unknown,unknown,"Устройство оконечное M200E-EOL-R, модель/артикул Р87-0473-100, кол-во 11530","Устройство оконечное M200E-EOL-R, модель/артикул Р87-0473-100, кол-во 11530 | nan | nan | nan | nan | nan | nan | nan | nan | nan | nan | nan"
30,2,TC806ES1012,850.000000,71884.721756,fire_safety,unknown,"Дымовой оптико-электронный извещатель Ип212-133, модель/артикул TC806ES1012, кол-во 850","Дымовой оптико-электронный извещатель Ип212-133, модель/артикул TC806ES1012, кол-во 850 | nan | nan | nan | nan | nan | nan | nan | nan | nan | nan | nan"
30,3,50147862003R,1470.000000,60761.965412,unknown,unknown,"Основная печатная плата сканера штрих кодов серии 1470., модель/артикул 50147862-003-R, кол-во 121","Основная печатная плата сканера штрих кодов серии 1470., модель/артикул 50147862-003-R, кол-во 121 | nan | nan | nan | nan | nan | nan | nan | nan | nan | nan | nan"
30,4,C06XJEM336,57000.000000,56014.370932,unknown,unknown,"Конденсатор, 35 В, ЗЗМКФ, модель/артикул C06-XJEM-336, кол-во 57000","Конденсатор, 35 В, ЗЗМКФ, модель/артикул C06-XJEM-336, кол-во 57000 | nan | nan | nan | nan | nan | nan | nan | nan | nan | nan | nan"
31,1,WDU4,100.000000,10553306.728745,unknown,unknown,"Клемма WDU4 BL, модель/артикул 1020180000, кол-во 100","Клемма WDU4 BL, модель/артикул 1020180000, кол-во 100 | nan | nan | nan | nan | nan | nan | nan | nan | nan | nan | nan"
32,1,MCX30000Y00,257.000000,116013.488426,unknown,unknown,"Портативный детектор MICROCLIP ХЗ, модель/артикул MCX3-0000-Y-00, кол-во 257","Портативный детектор MICROCLIP ХЗ, модель/артикул MCX3-0000-Y-00, кол-во 257 | nan | nan | nan | nan | nan | nan | nan | nan | nan | nan | nan"
32,2,1470G2DR2USBR,1470.000000,79940.979671,unknown,unknown,"Счетчик штриховых кодов 1470G, модель/артикул 1470G2DR-2USB-R, кол-во 432","Счетчик штриховых кодов 1470G, модель/артикул 1470G2DR-2USB-R, кол-во 432 | nan | nan | nan | nan | nan | nan | nan | nan | nan | nan | nan"
32,3,1470G2DR2USBR,1470.000000,79940.979671,unknown,unknown,"Счетчик штриховых кодов 1470G, модель/артикул 1470G2DR-2USB-R, кол-во 432","Счетчик штриховых кодов 1470G, модель/артикул 1470G2DR-2USB-R, кол-во 432 | nan | nan | nan | nan | nan | nan | nan | nan | nan | nan | nan"
32,4,1470G2DR2USBR,1470.000000,79940.979671,unknown,unknown,"Счетчик штриховых кодов 1470G, модель/артикул 1470G2DR-2USB-R, кол-во 402","Счетчик штриховых кодов 1470G, модель/артикул 1470G2DR-2USB-R, кол-во 402 | nan | nan | nan | nan | nan | nan | nan | nan | nan | nan | nan"
32,5,1470G2DR2USBR,1470.000000,79940.979671,unknown,unknown,"Счетчик Штриховых Кодов 1470G, модель/артикул 1470G2DR-2USB-R, кол-во 402","Счетчик Штриховых Кодов 1470G, модель/артикул 1470G2DR-2USB-R, кол-во 402 | nan | nan | nan | nan | nan | nan | nan | nan | nan | nan | nan"
32,6,1470G2DR2USBR,1470.000000,79940.979671,unknown,unknown,"Счетчик Штриховых Кодов 1470G, модель/артикул 1470G2DR-2USB-R, кол-во 432","Счетчик Штриховых Кодов 1470G, модель/артикул 1470G2DR-2USB-R, кол-во 432 | nan | nan | nan | nan | nan | nan | nan | nan | nan | nan | nan"
32,7,1470G2DR2USBR,1470.000000,79940.979671,unknown,unknown,"Счетчик Штриховых Кодов 1470G, модель/артикул 1470G2DR-2USB-R, кол-во 432","Счетчик Штриховых Кодов 1470G, модель/артикул 1470G2DR-2USB-R, кол-во 432 | nan | nan | nan | nan | nan | nan | nan | nan | nan | nan | nan"
32,8,1470G2DR2USBR,1470.000000,79940.979671,unknown,unknown,"Счетчик штриховых кодов 1470G, модель/артикул 1470G2DR-2USB-R, кол-во 424","Счетчик штриховых кодов 1470G, модель/артикул 1470G2DR-2USB-R, кол-во 424 | nan | nan | nan | nan | nan | nan | nan | nan | nan | nan | nan"
32,9,1470G2DR2USBR,1470.000000,79940.979671,unknown,unknown,"Счетчик штриховых кодов 1470G, модель/артикул 1470G2DR-2USB-R, кол-во 432","Счетчик штриховых кодов 1470G, модель/артикул 1470G2DR-2USB-R, кол-во 432 | nan | nan | nan | nan | nan | nan | nan | nan | nan | nan | nan"
32,10,1470G2DR2USBR,1470.000000,79940.979671,unknown,unknown,"Счетчик штриховых кодов 1470G, модель/артикул 1470G2DR-2USB-R, кол-во 424","Счетчик штриховых кодов 1470G, модель/артикул 1470G2DR-2USB-R, кол-во 424 | nan | nan | nan | nan | nan | nan | nan | nan | nan | nan | nan"
32,11,1470G2DR2USBR,1470.000000,79940.979671,unknown,unknown,"Счетчик штриховых кодов 1470G, модель/артикул 1470G2DR-2USB-R, кол-во 424","Счетчик штриховых кодов 1470G, модель/артикул 1470G2DR-2USB-R, кол-во 424 | nan | nan | nan | nan | nan | nan | nan | nan | nan | nan | nan"
32,12,1470G2DR2USBR,1470.000000,79940.979671,unknown,unknown,"Счетчик штриховых кодов 1470G, модель/артикул 1470G2DR-2USB-R, кол-во 432","Счетчик штриховых кодов 1470G, модель/артикул 1470G2DR-2USB-R, кол-во 432 | nan | nan | nan | nan | nan | nan | nan | nan | nan | nan | nan"
32,13,1470G2DR2USBR,1470.000000,79940.979671,unknown,unknown,"Счетчик штриховых кодов 1470G, модель/артикул 1470G2DR-2USB-R, кол-во 432","Счетчик штриховых кодов 1470G, модель/артикул 1470G2DR-2USB-R, кол-во 432 | nan | nan | nan | nan | nan | nan | nan | nan | nan | nan | nan"
32,14,1470G2DR2USBR,1470.000000,79940.979671,unknown,unknown,"Счетчик штриховых кодов 1470G, модель/артикул 1470G2DR-2USB-R, кол-во 424","Счетчик штриховых кодов 1470G, модель/артикул 1470G2DR-2USB-R, кол-во 424 | nan | nan | nan | nan | nan | nan | nan | nan | nan | nan | nan"
32,15,1470G2DR2USBR,1470.000000,79940.979671,unknown,unknown,"Счетчик штриховых кодов 1470G, модель/артикул 1470G2DR-2USB-R, кол-во 216","Счетчик штриховых кодов 1470G, модель/артикул 1470G2DR-2USB-R, кол-во 216 | nan | nan | nan | nan | nan | nan | nan | nan | nan | nan | nan"
32,16,1470G2DR2USBR,1470.000000,79940.979671,unknown,unknown,"Счетчик штриховых кодов 1470G, модель/артикул 1470G2DR-2USB-R, кол-во 216","Счетчик штриховых кодов 1470G, модель/артикул 1470G2DR-2USB-R, кол-во 216 | nan | nan | nan | nan | nan | nan | nan | nan | nan | nan | nan"
32,17,1470G2DR2USBR,1470.000000,79940.979671,unknown,unknown,"Счетчик штриховых кодов 1470G, модель/артикул 1470G2DR-2USB-R, кол-во 432","Счетчик штриховых кодов 1470G, модель/артикул 1470G2DR-2USB-R, кол-во 432 | nan | nan | nan | nan | nan | nan | nan | nan | nan | nan | nan"
32,18,1470G2DR2USBR,1470.000000,79940.979671,unknown,unknown,"Счетчик штриховых кодов 1470G, модель/артикул 1470G2DR-2USB-R, кол-во 424","Счетчик штриховых кодов 1470G, модель/артикул 1470G2DR-2USB-R, кол-во 424 | nan | nan | nan | nan | nan | nan | nan | nan | nan | nan | nan"
32,19,1470G2DR2USBR,1470.000000,79940.979671,unknown,unknown,"Счетчик штриховых кодов 1470G, модель/артикул 1470G2DR-2USB-R, кол-во 424","Счетчик штриховых кодов 1470G, модель/артикул 1470G2DR-2USB-R, кол-во 424 | nan | nan | nan | nan | nan | nan | nan | nan | nan | nan | nan"
32,20,1470G2DR2USBR,1470.000000,79940.979671,unknown,unknown,"Счетчик штриховых кодов 1470G, модель/артикул 1470G2DR-2USB-R, кол-во 108","Счетчик штриховых кодов 1470G, модель/артикул 1470G2DR-2USB-R, кол-во 108 | nan | nan | nan | nan | nan | nan | nan | nan | nan | nan | nan"
32,21,1470G2DR2USBR,1470.000000,79940.979671,unknown,unknown,"Счетчик штриховых кодов 1470G, модель/артикул 1470G2DR-2USB-R, кол-во 420","Счетчик штриховых кодов 1470G, модель/артикул 1470G2DR-2USB-R, кол-во 420 | nan | nan | nan | nan | nan | nan | nan | nan | nan | nan | nan"
33,1,WDU4ZR,6000.000000,58249511.542080,unknown,unknown,"Маркировка клеммы Wdu4/Zr, мод./арт. 1609900000, кол. 6000","Маркировка клеммы Wdu4/Zr, мод./арт. 1609900000, кол. 6000 | nan | nan | nan | nan | nan | nan | nan | nan | nan | nan | nan"
33,2,SF12IV2,2800.000000,27439799.775258,unknown,unknown,"Маркировка кабеля Sf1/2I-V2, мод./арт. 1918630000, кол. 2800","Маркировка кабеля Sf1/2I-V2, мод./арт. 1918630000, кол. 2800 | nan | nan | nan | nan | nan | nan | nan | nan | nan | nan | nan"
